"week","det_count","deltaQDanlf","deltaQTralf","deltaTDanlf","deltaTTralf","deltaQDanmm","deltaTDanmm","deltaQTramm","deltaTTramm","QDanmin","QDanmax","QTramin","QTramax","QDan","TDan","QTra","TTra","weekly_count","add_tag","age_class","species"
2023-06-25,1,-330,2.9,0.800000000000001,1.5,380,0.800000000000001,3.9,1.8,1210,1590,7.8,11.7,1320,19.8,8.8,19.2,0,93,"1","Barbus barbus"
2023-07-02,1,-340,-2.3,0.399999999999999,1.1,350,0.699999999999999,2.3,1.1,1250,1600,7.1,9.4,1352,19.8,8.1,20.2,0,93,"1","Barbus barbus"
2023-07-09,1,280,-0.2,1.2,0,500,1.2,1,1.2,1140,1640,6.8,7.8,1287,21,7.1,21.5,0,93,"1","Barbus barbus"
2023-07-16,1,120,-0.899999999999999,-0.399999999999999,-2.6,180,0.899999999999999,0.899999999999999,2.7,1180,1360,5.9,6.8,1254,22,6.4,21.4,4,97,"1","Barbus barbus"
2023-07-23,1,240,-0.2,-1.8,-0.199999999999999,630,2.2,0.7,2.9,1080,1710,5.7,6.4,1392,21.1,6.1,19.7,4,101,"1","Barbus barbus"
2023-07-30,3,730,5.4,-1.2,NA,790,1.2,5.6,NA,1450,2240,5.4,11,1694,19.1,6.9,19.9,15,116,"1","Barbus barbus"
2023-08-06,4,-1990,-13.8,-1.3,NA,1990,2.7,13.8,NA,2080,4070,7.9,21.7,2972,16,12.6,NA,9,125,"1","Barbus barbus"
2023-08-13,1,-230,0.7,3.5,NA,230,3.5,2.2,NA,1580,1810,6.3,8.5,1677,18.8,7.4,22.1,0,125,"1","Barbus barbus"
2023-08-20,2,-190,-0.2,1.4,NA,190,1.4,0.3,NA,1260,1450,7.8,8.1,1324,21.9,7.9,NA,0,125,"1","Barbus barbus"
2023-08-27,4,1150,-1.7,-5.4,-1,3530,5.8,2.2,3.3,1540,5070,5.7,7.9,3344,18.8,6.8,18.9,0,125,"1","Barbus barbus"
2023-09-10,1,10,0.8,0.600000000000001,-0.899999999999999,260,0.800000000000001,3.4,1.2,1270,1530,4.7,8.1,1358,19,5.6,19.5,33,158,"1","Barbus barbus"
2024-07-07,1,800,0.699999999999999,1.3,1.1,800,1.3,1.3,3.4,2190,2990,7.9,9.2,2428,18.9,8.4,17.5,6,218,"1","Barbus barbus"
2024-07-14,3,-840,-1.2,0.699999999999999,0.599999999999998,860,0.699999999999999,1.5,1.6,2110,2970,7.3,8.8,2360,20,7.9,18.4,11,229,"1","Barbus barbus"
2024-07-21,4,-170,-0.100000000000001,0.199999999999999,0.599999999999998,360,0.399999999999999,1.9,0.800000000000001,1910,2270,7.1,9,2088,20.2,8,17.7,0,229,"1","Barbus barbus"
2024-07-28,2,20,-0.7,0.800000000000001,-0.800000000000001,250,1,0.7,1,1560,1810,6.3,7,1684,20.9,6.6,18,20,249,"1","Barbus barbus"
2024-08-04,3,-340,-1,0.199999999999999,1.3,340,0.199999999999999,1.2,1.8,1470,1810,5.8,7,1634,21.1,6.3,17.9,28,277,"1","Barbus barbus"
2024-08-11,1,60,0.5,1.4,0.5,210,1.4,0.5,0.699999999999999,1290,1500,5.6,6.1,1404,22.2,5.8,19.4,10,287,"1","Barbus barbus"
2024-08-18,1,50,-2.3,-2.4,-1,920,2.7,2.3,2.4,1530,2450,5.2,7.5,1930,21.6,6,17.9,0,287,"1","Barbus barbus"
2024-08-25,1,-170,0.100000000000001,0.0999999999999979,0,230,0.599999999999998,0.5,0.5,1340,1570,5,5.5,1458,20.4,5.2,18.7,0,287,"1","Barbus barbus"
2025-06-01,1,210,-3.7,2.4,1.4,760,2.4,5.4,1.7,1510,2270,10.4,15.8,1844,17.2,13.1,15.5,0,303,"1","Barbus barbus"
2025-06-22,1,160,-0.0999999999999996,1.5,1.5,200,1.5,1.9,2,1050,1250,7.5,9.4,1111,21.3,7.9,18.4,0,303,"1","Barbus barbus"
2023-01-01,0,-40,-0.6,0.9,1.6,150,0.9,0.699999999999999,1.6,1280,1430,5.9,6.6,1360,6,6.1,7.8,0,46,"1","Barbus barbus"
2023-01-08,0,60,1.1,-0.0999999999999996,-0.0999999999999996,180,0.2,1.6,0.8,1270,1450,5.7,7.3,1347,6.6,6.7,7.4,0,46,"1","Barbus barbus"
2023-01-15,0,-40,-0.899999999999999,-1.4,-2,90,1.4,1.7,2,1250,1340,5.9,7.6,1292,5.8,6.7,6.3,0,46,"1","Barbus barbus"
2023-01-22,0,-30,-0.2,-0.8,-0.3,100,0.8,0.2,1.1,1100,1200,5.6,5.8,1151,4.5,5.7,5.3,0,46,"1","Barbus barbus"
2023-01-29,0,1620,28.8,0,0.2,1670,0.2,28.8,1.2,1000,2670,5.4,34.2,1354,3.8,13.1,4.9,0,46,"1","Barbus barbus"
2023-02-05,0,-1110,-12.1,-0.8,0.5,1110,0.9,12.1,0.8,1180,2290,7.9,20,1571,3.2,11.7,5,0,46,"1","Barbus barbus"
2023-02-12,0,240,17.1,1.1,2.2,270,1.1,17.1,2.3,1090,1360,8,25.1,1165,3.7,11.1,6.3,0,46,"1","Barbus barbus"
2023-02-19,0,-340,-14.4,1.9,-0.5,580,1.9,24.2,1.1,1520,2100,16.5,40.7,1768,6.5,25.1,8.4,0,46,"1","Barbus barbus"
2023-02-26,0,-420,-5.2,-0.5,0.3,430,0.8,5.2,0.9,1290,1720,11.4,16.6,1420,6.3,13.3,6.9,0,46,"1","Barbus barbus"
2023-03-05,0,290,-1.3,0.100000000000001,0.3,300,0.8,1.3,1.9,1150,1450,9.6,10.9,1224,6.3,10.1,7.5,0,46,"1","Barbus barbus"
2023-03-12,0,40,-1,1,1.1,330,1,1.2,1.1,1340,1670,8.2,9.4,1508,6.6,8.9,7.6,1,47,"1","Barbus barbus"
2023-03-19,0,50,-0.2,2.2,NA,80,2.2,0.3,NA,1390,1470,7.8,8.1,1420,8.7,8,10.8,1,48,"1","Barbus barbus"
2023-03-26,0,690,5.2,-0.700000000000001,-0.0999999999999996,800,0.700000000000001,7.2,2.5,1470,2270,7.9,15.1,1697,9.4,10.7,9,0,48,"1","Barbus barbus"
2023-06-04,0,-160,-0.300000000000001,0,0.300000000000001,260,0.200000000000003,1,0.399999999999999,1780,2040,12.3,13.3,1917,17,12.7,16.7,0,93,"1","Barbus barbus"
2023-06-11,0,-240,-3.8,1.6,1.6,240,1.6,3.8,1.6,1500,1740,10,13.8,1621,17.8,11.2,17,0,93,"1","Barbus barbus"
2023-06-18,0,270,-0.100000000000001,1,-0.900000000000002,340,1.6,0.800000000000001,3.8,1300,1640,9,9.8,1465,19.4,9.3,19.7,0,93,"1","Barbus barbus"
2023-09-03,0,-800,-1,1.4,NA,800,1.5,1,NA,1400,2200,4.7,5.7,1711,17.4,5.2,18.8,0,125,"1","Barbus barbus"
2023-09-17,0,0,-0.4,-0.400000000000002,-1.3,110,0.600000000000001,0.8,1.7,1120,1230,4.8,5.6,1184,19.1,5.2,18.8,0,158,"1","Barbus barbus"
2023-09-24,0,-370,0.0999999999999996,-1,1.3,370,1,0.4,1.9,1020,1390,4.1,4.5,1164,17.6,4.3,17.7,0,158,"1","Barbus barbus"
2023-10-01,0,-53,-0.399999999999999,-1,-1.8,53,1,0.5,1.8,894,947,4.2,4.7,925,16.6,4.5,17,0,158,"1","Barbus barbus"
2023-10-08,0,37,-0.3,-0.0999999999999996,1.2,81,0.5,0.8,2.1,857,938,3.9,4.7,896,15.8,4.2,16.1,0,158,"1","Barbus barbus"
2023-10-15,0,72,-0.4,-1.9,-0.4,89,2.1,0.4,2.7,816,905,3.8,4.2,856,14.1,4,13.7,0,158,"1","Barbus barbus"
2023-10-22,0,171,1.5,-1.4,-1.5,278,1.4,2.2,1.5,842,1120,3.8,6,940,13.1,4.5,14.1,7,165,"1","Barbus barbus"
2023-10-29,0,1040,5,-1,-0.9,1133,1,5,1.1,957,2090,4.4,9.4,1327,12,6.2,12.6,0,165,"1","Barbus barbus"
2023-11-05,0,-470,-2.7,-1.6,-0.800000000000001,470,1.6,3.7,1.3,1180,1650,5.1,8.8,1381,10.1,7,11.8,1,166,"1","Barbus barbus"
2023-11-12,0,2090,5,-0.5,-1.8,2290,0.5,6.9,2.7,1140,3430,7.7,14.6,2537,8.8,10.3,10.9,0,166,"1","Barbus barbus"
2023-11-19,0,-660,8.5,-0.5,-2.8,1810,0.6,9.5,2.9,2600,4410,8.3,17.8,3285,8.3,13.1,9.2,0,166,"1","Barbus barbus"
2023-11-26,0,-90,-3.9,-2.4,-0.899999999999999,230,2.4,6.6,1.9,2180,2410,8.9,15.5,2311,6.3,11.6,7.7,0,166,"1","Barbus barbus"
2023-12-03,0,-340,-1.2,-1,0.6,360,1,1.4,2,1950,2310,10,11.4,2068,3.8,10.6,6.2,0,166,"1","Barbus barbus"
2023-12-10,0,1860,14.1,2.9,-0.0999999999999996,2800,2.9,21.3,1.5,2140,4940,12.8,34.1,3994,5,25.2,7.2,0,166,"1","Barbus barbus"
2023-12-17,0,1850,89.3,-0.800000000000001,-0.9,2730,0.800000000000001,96.7,1.2,2550,5280,13.3,110,3255,6,30.7,6.5,0,166,"1","Barbus barbus"
2023-12-24,0,-3450,-98.8,0.7,0.4,3450,1,98.8,1.4,2870,6320,25.2,124,4411,6.8,57.2,7.7,0,166,"1","Barbus barbus"
2023-12-31,0,110,-4.2,-0.5,-0.0999999999999996,410,0.6,4.3,0.9,2340,2750,18.7,23,2608,6.3,20.3,7,0,166,"1","Barbus barbus"
2024-01-07,0,-1050,-8.2,-2.8,-1.6,1050,2.8,8.2,3,2030,3080,14.4,22.6,2512,4.6,17.5,4.5,0,166,"1","Barbus barbus"
2024-01-14,0,330,0.9,-0.1,0.2,460,0.3,3.8,1.1,1740,2200,13,16.8,1895,2.7,14.2,4.7,0,166,"1","Barbus barbus"
2024-01-21,0,1430,5.1,1.8,2.5,1650,1.8,8.4,2.8,1760,3410,13.2,21.6,2417,3.4,17.1,5.7,0,166,"1","Barbus barbus"
2024-01-28,0,-1010,-3.7,0.100000000000001,0.800000000000001,1010,0.2,3.7,1.6,2140,3150,13,16.7,2442,4.8,14.3,6,0,166,"1","Barbus barbus"
2024-02-04,0,100,-1.4,1.7,0.800000000000001,180,1.7,4.3,1.1,1980,2160,13,17.3,2077,6.2,14.6,8,0,166,"1","Barbus barbus"
2024-02-11,0,-370,-1.6,0.4,0,410,0.4,1.8,0.9,1810,2220,10.9,12.7,2047,7.3,11.6,8.1,0,166,"1","Barbus barbus"
2024-02-18,0,350,1.5,0.4,-1.2,350,0.5,1.6,1.2,1950,2300,11.4,13,2075,7.9,11.8,8.4,0,166,"1","Barbus barbus"
2024-02-25,0,-590,-2,0,1.9,590,0.2,2,2,1770,2360,10.9,12.9,1992,7.8,11.8,8.3,0,166,"1","Barbus barbus"
2024-03-03,0,-100,-1,0,-0.700000000000001,140,0.2,1,1.2,1560,1700,9.5,10.5,1607,7.9,9.9,9,0,166,"1","Barbus barbus"
2024-03-10,0,10,10.3,1,0.699999999999999,300,1,64.9,1.9,1420,1720,9.3,74.2,1541,8.6,30.4,9.1,0,166,"1","Barbus barbus"
2024-03-17,0,270,-6.9,1.2,0.9,380,1.2,6.9,2,1540,1920,13.1,20,1747,9.8,15.8,9.9,0,166,"1","Barbus barbus"
2024-03-24,0,-70,-2,-0.100000000000001,2.1,90,0.5,2,2.5,1660,1750,11.2,13.2,1712,10.1,12.3,9.2,14,180,"1","Barbus barbus"
2024-03-31,0,0,-0.4,1.5,1.7,210,1.5,1.6,3,1710,1920,10.5,12.1,1768,10.9,11.2,11,2,182,"1","Barbus barbus"
2024-06-02,0,60,2.1,1.7,1.9,1510,2.7,50,2.6,4970,6480,14.3,64.3,5534,15.1,26.8,13.2,6,192,"1","Barbus barbus"
2024-06-09,0,-2070,-9.4,-2.1,-0.9,2070,2.4,17.7,2.6,3020,5090,15.9,33.6,4292,16,24,12.7,0,192,"1","Barbus barbus"
2024-06-16,0,350,-4.2,3,2.7,390,3,4.6,3,2700,3090,11.5,16.1,2822,16.9,13.1,15.8,0,192,"1","Barbus barbus"
2024-06-23,0,-530,-1.3,0.899999999999999,1.8,620,1.2,1.3,NA,2520,3140,9.9,11.2,2735,18.5,10.5,16.7,0,192,"1","Barbus barbus"
2024-06-30,0,-370,-1,-1.5,-1.3,570,1.7,1,3.5,2180,2750,8.6,9.6,2510,18.9,9.3,16.5,20,212,"1","Barbus barbus"
2024-09-01,0,0,-0.5,0.0999999999999979,-2,70,0.399999999999999,0.5,2,1190,1260,4.5,5,1241,20.8,4.8,17.6,0,287,"1","Barbus barbus"
2024-09-08,0,3770,126.5,-5.6,-7.1,3770,5.7,126.5,7.1,1140,4910,4.5,131,2137,19.3,26.6,14.5,0,287,"1","Barbus barbus"
2024-09-15,0,-5520,-452.5,1.4,1.8,5520,2.3,452.5,1.8,3940,9460,35.5,488,7242,12.8,163.8,11.7,0,287,"1","Barbus barbus"
2024-09-22,0,-340,-10.8,0.4,-0.5,700,0.5,10.8,0.799999999999999,2830,3530,19.5,30.3,3130,14.2,23.9,12.4,0,287,"1","Barbus barbus"
2024-09-29,0,-60,7.4,-1.8,-0.600000000000001,690,1.8,10.4,0.800000000000001,2510,3200,15.6,26,2860,13.1,19.2,10.9,0,287,"1","Barbus barbus"
2024-10-06,0,110,-5,NA,-0.199999999999999,980,NA,5.2,1.8,2490,3470,16.8,22,2952,12.3,18.5,11.5,0,287,"1","Barbus barbus"
2024-10-13,0,-550,-2.5,NA,1.1,550,NA,2.9,1.4,2150,2700,13.8,16.7,2470,NA,15.4,11.1,4,291,"1","Barbus barbus"
2024-10-20,0,-350,-1.5,NA,0.199999999999999,350,NA,1.5,0.700000000000001,1760,2110,11.7,13.2,1890,NA,12.5,11.1,0,291,"1","Barbus barbus"
2024-10-27,0,-390,-1.1,NA,-1.6,390,NA,1.1,1.6,1290,1680,10.4,11.5,1477,NA,10.9,11,0,291,"1","Barbus barbus"
2024-11-03,0,-40,-0.899999999999999,NA,-1.7,70,NA,0.899999999999999,1.7,1240,1310,9.3,10.2,1277,NA,9.8,8.4,6,297,"1","Barbus barbus"
2024-11-10,0,-80,-0.699999999999999,NA,-0.3,80,NA,0.699999999999999,0.6,1110,1190,8.4,9.1,1161,NA,8.7,7.4,5,302,"1","Barbus barbus"
2024-11-17,0,250,0,NA,-1.1,300,NA,0.799999999999999,3,1070,1370,8.3,9.1,1217,NA,8.6,6.7,0,302,"1","Barbus barbus"
2024-11-24,0,190,3.8,NA,1,270,NA,3.9,1.1,1140,1410,8,11.9,1255,NA,8.8,6.5,0,302,"1","Barbus barbus"
2024-12-01,0,370,2.9,NA,0.2,510,NA,4,1.6,1200,1710,8.9,12.9,1367,5.9,9.8,6.1,0,302,"1","Barbus barbus"
2024-12-08,0,-310,-2.8,-0.5,-1.2,390,0.5,2.8,1.2,1470,1860,10.3,13.1,1668,5.6,11.5,6,0,302,"1","Barbus barbus"
2024-12-15,0,130,4.3,0.3,-0.100000000000001,210,0.5,5.6,1.9,1270,1480,10.4,16,1394,5.7,13.8,6.5,0,302,"1","Barbus barbus"
2024-12-22,0,-50,-3.7,-0.8,-2.2,500,0.8,3.7,2.2,1320,1820,9.7,13.4,1528,5.3,11.2,4.9,0,302,"1","Barbus barbus"
2024-12-29,0,-100,-0.9,-1,0.2,170,1,0.9,1.2,1130,1300,8.4,9.3,1208,3.9,8.9,3.8,0,302,"1","Barbus barbus"
2025-01-05,0,850,0.0999999999999996,0,-0.0999999999999996,850,0.2,0.6,2.1,1190,2040,8.4,9,1661,3.3,8.8,4.8,0,302,"1","Barbus barbus"
2025-01-12,0,-570,-0.699999999999999,0.1,1.8,570,0.4,0.699999999999999,2,1360,1930,7.5,8.2,1570,3.5,7.8,3.9,0,302,"1","Barbus barbus"
2025-01-19,0,-160,0.2,0.2,0.9,170,0.6,0.4,1.2,1120,1290,7.5,7.9,1240,3.1,7.7,4.4,0,302,"1","Barbus barbus"
2025-01-26,0,430,0.600000000000001,0.7,-0.0999999999999996,690,0.7,4.3,1.3,1100,1790,8.2,12.5,1402,4,9.8,5.3,0,302,"1","Barbus barbus"
2025-02-02,0,-180,-1.1,-0.3,-0.300000000000001,180,0.3,1.1,1.4,1230,1410,7.5,8.6,1317,4.5,7.9,4.4,0,302,"1","Barbus barbus"
2025-02-09,0,220,-0.3,0.2,0.3,290,0.300000000000001,0.3,1.3,1100,1390,7,7.3,1198,4.2,7.2,4.8,0,302,"1","Barbus barbus"
2025-02-16,0,-250,-0.4,-0.2,0.5,250,0.5,0.4,2,1070,1320,6.5,6.9,1175,4,6.7,3.6,0,302,"1","Barbus barbus"
2025-02-23,0,130,-0.0999999999999996,1.3,2.2,150,1.3,0.3,2.4,1030,1180,6.4,6.7,1108,4.8,6.6,6.2,0,302,"1","Barbus barbus"
2025-03-02,0,-60,-0.3,1.9,0.7,60,1.9,0.399999999999999,1.7,1020,1080,5.9,6.3,1045,6.8,6.1,6.6,0,302,"1","Barbus barbus"
2025-03-09,0,140,2.9,0.100000000000001,-1.3,226,0.399999999999999,2.9,2,924,1150,5.9,8.8,1009,8,6.6,7.9,0,302,"1","Barbus barbus"
2025-03-16,0,-163,-1.8,0.5,2.2,163,0.9,1.8,3.2,947,1110,7.4,9.2,999,7.9,7.9,6.5,0,302,"1","Barbus barbus"
2025-03-23,0,181,9,0.9,-0.399999999999999,181,0.9,9.7,1.7,959,1140,6.6,16.3,1028,9.3,8.3,9.2,0,302,"1","Barbus barbus"
2025-03-30,0,-660,-48.8,1,1.1,660,1.1,48.8,1.9,1480,2140,19.7,68.5,1764,9.8,37.7,8.2,0,302,"1","Barbus barbus"
2025-06-08,0,-400,-2.9,0.199999999999999,1.8,620,0.800000000000001,4.5,2.3,1330,1950,9.1,13.6,1598,17.4,10.9,15.2,0,303,"1","Barbus barbus"
2025-06-15,0,-130,-1.1,2.2,0.5,470,2.2,1.1,2.7,1140,1610,7.7,8.8,1348,19.4,8.3,16.8,0,303,"1","Barbus barbus"
2025-06-29,0,150,1.5,0.600000000000001,-1.8,190,0.900000000000002,5,2.3,1020,1210,6.7,11.7,1097,23,7.9,18.9,0,303,"1","Barbus barbus"
2025-07-06,0,560,3.4,-5,-4,1260,5,10.1,5.5,1070,2330,7.7,17.8,1661,20.9,12,15.5,0,303,"1","Barbus barbus"
2025-07-13,0,230,3.4,0.899999999999999,0.0999999999999996,850,1.1,4.2,3.2,1270,2120,9.8,14,1558,18.6,11.5,16.2,0,303,"1","Barbus barbus"
2025-07-20,0,420,2.8,NA,-1.3,430,NA,5.1,1.5,1480,1910,9.6,14.7,1644,NA,11.4,16.8,0,303,"1","Barbus barbus"
2025-07-27,0,-780,-11.8,NA,0.4,1880,NA,11.8,1.3,2330,4210,13.1,24.9,3274,16.9,19.1,14.5,0,303,"1","Barbus barbus"
2025-08-03,0,150,-1,-0.100000000000001,-0.5,150,0.100000000000001,1,0.5,2650,2800,11.7,12.7,2725,16.6,12.2,14.8,0,303,"1","Barbus barbus"
2023-01-08,1,60,1.1,-0.0999999999999996,-0.0999999999999996,180,0.2,1.6,0.8,1270,1450,5.7,7.3,1347,6.6,6.7,7.4,0,459,"2","Barbus barbus"
2023-01-15,1,-40,-0.899999999999999,-1.4,-2,90,1.4,1.7,2,1250,1340,5.9,7.6,1292,5.8,6.7,6.3,0,459,"2","Barbus barbus"
2023-01-29,1,1620,28.8,0,0.2,1670,0.2,28.8,1.2,1000,2670,5.4,34.2,1354,3.8,13.1,4.9,5,479,"2","Barbus barbus"
2023-02-05,1,-1110,-12.1,-0.8,0.5,1110,0.9,12.1,0.8,1180,2290,7.9,20,1571,3.2,11.7,5,0,479,"2","Barbus barbus"
2023-02-12,4,240,17.1,1.1,2.2,270,1.1,17.1,2.3,1090,1360,8,25.1,1165,3.7,11.1,6.3,0,479,"2","Barbus barbus"
2023-02-19,45,-340,-14.4,1.9,-0.5,580,1.9,24.2,1.1,1520,2100,16.5,40.7,1768,6.5,25.1,8.4,0,479,"2","Barbus barbus"
2023-02-26,2,-420,-5.2,-0.5,0.3,430,0.8,5.2,0.9,1290,1720,11.4,16.6,1420,6.3,13.3,6.9,0,479,"2","Barbus barbus"
2023-03-05,3,290,-1.3,0.100000000000001,0.3,300,0.8,1.3,1.9,1150,1450,9.6,10.9,1224,6.3,10.1,7.5,0,479,"2","Barbus barbus"
2023-03-12,8,40,-1,1,1.1,330,1,1.2,1.1,1340,1670,8.2,9.4,1508,6.6,8.9,7.6,2,481,"2","Barbus barbus"
2023-03-19,38,50,-0.2,2.2,NA,80,2.2,0.3,NA,1390,1470,7.8,8.1,1420,8.7,8,10.8,1,482,"2","Barbus barbus"
2023-03-26,22,690,5.2,-0.700000000000001,-0.0999999999999996,800,0.700000000000001,7.2,2.5,1470,2270,7.9,15.1,1697,9.4,10.7,9,0,482,"2","Barbus barbus"
2023-06-04,7,-160,-0.300000000000001,0,0.300000000000001,260,0.200000000000003,1,0.399999999999999,1780,2040,12.3,13.3,1917,17,12.7,16.7,0,1008,"2","Barbus barbus"
2023-06-11,5,-240,-3.8,1.6,1.6,240,1.6,3.8,1.6,1500,1740,10,13.8,1621,17.8,11.2,17,1,1009,"2","Barbus barbus"
2023-06-18,14,270,-0.100000000000001,1,-0.900000000000002,340,1.6,0.800000000000001,3.8,1300,1640,9,9.8,1465,19.4,9.3,19.7,0,1009,"2","Barbus barbus"
2023-06-25,14,-330,2.9,0.800000000000001,1.5,380,0.800000000000001,3.9,1.8,1210,1590,7.8,11.7,1320,19.8,8.8,19.2,0,1009,"2","Barbus barbus"
2023-07-02,5,-340,-2.3,0.399999999999999,1.1,350,0.699999999999999,2.3,1.1,1250,1600,7.1,9.4,1352,19.8,8.1,20.2,0,1009,"2","Barbus barbus"
2023-07-09,15,280,-0.2,1.2,0,500,1.2,1,1.2,1140,1640,6.8,7.8,1287,21,7.1,21.5,1,1010,"2","Barbus barbus"
2023-07-16,8,120,-0.899999999999999,-0.399999999999999,-2.6,180,0.899999999999999,0.899999999999999,2.7,1180,1360,5.9,6.8,1254,22,6.4,21.4,14,1024,"2","Barbus barbus"
2023-07-23,8,240,-0.2,-1.8,-0.199999999999999,630,2.2,0.7,2.9,1080,1710,5.7,6.4,1392,21.1,6.1,19.7,45,1069,"2","Barbus barbus"
2023-07-30,21,730,5.4,-1.2,NA,790,1.2,5.6,NA,1450,2240,5.4,11,1694,19.1,6.9,19.9,41,1110,"2","Barbus barbus"
2023-08-06,49,-1990,-13.8,-1.3,NA,1990,2.7,13.8,NA,2080,4070,7.9,21.7,2972,16,12.6,NA,38,1148,"2","Barbus barbus"
2023-08-13,11,-230,0.7,3.5,NA,230,3.5,2.2,NA,1580,1810,6.3,8.5,1677,18.8,7.4,22.1,0,1148,"2","Barbus barbus"
2023-08-20,11,-190,-0.2,1.4,NA,190,1.4,0.3,NA,1260,1450,7.8,8.1,1324,21.9,7.9,NA,0,1148,"2","Barbus barbus"
2023-08-27,40,1150,-1.7,-5.4,-1,3530,5.8,2.2,3.3,1540,5070,5.7,7.9,3344,18.8,6.8,18.9,0,1148,"2","Barbus barbus"
2023-09-03,13,-800,-1,1.4,NA,800,1.5,1,NA,1400,2200,4.7,5.7,1711,17.4,5.2,18.8,0,1148,"2","Barbus barbus"
2023-09-10,19,10,0.8,0.600000000000001,-0.899999999999999,260,0.800000000000001,3.4,1.2,1270,1530,4.7,8.1,1358,19,5.6,19.5,142,1290,"2","Barbus barbus"
2023-09-17,11,0,-0.4,-0.400000000000002,-1.3,110,0.600000000000001,0.8,1.7,1120,1230,4.8,5.6,1184,19.1,5.2,18.8,0,1290,"2","Barbus barbus"
2023-09-24,35,-370,0.0999999999999996,-1,1.3,370,1,0.4,1.9,1020,1390,4.1,4.5,1164,17.6,4.3,17.7,2,1292,"2","Barbus barbus"
2023-10-01,38,-53,-0.399999999999999,-1,-1.8,53,1,0.5,1.8,894,947,4.2,4.7,925,16.6,4.5,17,0,1292,"2","Barbus barbus"
2023-10-08,19,37,-0.3,-0.0999999999999996,1.2,81,0.5,0.8,2.1,857,938,3.9,4.7,896,15.8,4.2,16.1,0,1292,"2","Barbus barbus"
2023-10-15,53,72,-0.4,-1.9,-0.4,89,2.1,0.4,2.7,816,905,3.8,4.2,856,14.1,4,13.7,0,1292,"2","Barbus barbus"
2023-10-22,89,171,1.5,-1.4,-1.5,278,1.4,2.2,1.5,842,1120,3.8,6,940,13.1,4.5,14.1,212,1504,"2","Barbus barbus"
2023-10-29,18,1040,5,-1,-0.9,1133,1,5,1.1,957,2090,4.4,9.4,1327,12,6.2,12.6,11,1515,"2","Barbus barbus"
2023-11-05,6,-470,-2.7,-1.6,-0.800000000000001,470,1.6,3.7,1.3,1180,1650,5.1,8.8,1381,10.1,7,11.8,28,1543,"2","Barbus barbus"
2023-11-12,32,2090,5,-0.5,-1.8,2290,0.5,6.9,2.7,1140,3430,7.7,14.6,2537,8.8,10.3,10.9,0,1543,"2","Barbus barbus"
2023-11-19,31,-660,8.5,-0.5,-2.8,1810,0.6,9.5,2.9,2600,4410,8.3,17.8,3285,8.3,13.1,9.2,0,1543,"2","Barbus barbus"
2023-11-26,1,-90,-3.9,-2.4,-0.899999999999999,230,2.4,6.6,1.9,2180,2410,8.9,15.5,2311,6.3,11.6,7.7,1,1544,"2","Barbus barbus"
2023-12-10,23,1860,14.1,2.9,-0.0999999999999996,2800,2.9,21.3,1.5,2140,4940,12.8,34.1,3994,5,25.2,7.2,0,1544,"2","Barbus barbus"
2023-12-17,16,1850,89.3,-0.800000000000001,-0.9,2730,0.800000000000001,96.7,1.2,2550,5280,13.3,110,3255,6,30.7,6.5,0,1544,"2","Barbus barbus"
2023-12-24,51,-3450,-98.8,0.7,0.4,3450,1,98.8,1.4,2870,6320,25.2,124,4411,6.8,57.2,7.7,0,1544,"2","Barbus barbus"
2023-12-31,4,110,-4.2,-0.5,-0.0999999999999996,410,0.6,4.3,0.9,2340,2750,18.7,23,2608,6.3,20.3,7,0,1544,"2","Barbus barbus"
2024-01-07,3,-1050,-8.2,-2.8,-1.6,1050,2.8,8.2,3,2030,3080,14.4,22.6,2512,4.6,17.5,4.5,0,1544,"2","Barbus barbus"
2024-01-21,10,1430,5.1,1.8,2.5,1650,1.8,8.4,2.8,1760,3410,13.2,21.6,2417,3.4,17.1,5.7,0,1544,"2","Barbus barbus"
2024-01-28,9,-1010,-3.7,0.100000000000001,0.800000000000001,1010,0.2,3.7,1.6,2140,3150,13,16.7,2442,4.8,14.3,6,0,1544,"2","Barbus barbus"
2024-02-04,59,100,-1.4,1.7,0.800000000000001,180,1.7,4.3,1.1,1980,2160,13,17.3,2077,6.2,14.6,8,5,1549,"2","Barbus barbus"
2024-02-11,15,-370,-1.6,0.4,0,410,0.4,1.8,0.9,1810,2220,10.9,12.7,2047,7.3,11.6,8.1,0,1549,"2","Barbus barbus"
2024-02-18,20,350,1.5,0.4,-1.2,350,0.5,1.6,1.2,1950,2300,11.4,13,2075,7.9,11.8,8.4,0,1549,"2","Barbus barbus"
2024-02-25,44,-590,-2,0,1.9,590,0.2,2,2,1770,2360,10.9,12.9,1992,7.8,11.8,8.3,329,1878,"2","Barbus barbus"
2024-03-03,31,-100,-1,0,-0.700000000000001,140,0.2,1,1.2,1560,1700,9.5,10.5,1607,7.9,9.9,9,33,1911,"2","Barbus barbus"
2024-03-10,113,10,10.3,1,0.699999999999999,300,1,64.9,1.9,1420,1720,9.3,74.2,1541,8.6,30.4,9.1,1,1912,"2","Barbus barbus"
2024-03-17,75,270,-6.9,1.2,0.9,380,1.2,6.9,2,1540,1920,13.1,20,1747,9.8,15.8,9.9,24,1936,"2","Barbus barbus"
2024-03-24,34,-70,-2,-0.100000000000001,2.1,90,0.5,2,2.5,1660,1750,11.2,13.2,1712,10.1,12.3,9.2,66,2002,"2","Barbus barbus"
2024-03-31,79,0,-0.4,1.5,1.7,210,1.5,1.6,3,1710,1920,10.5,12.1,1768,10.9,11.2,11,33,2035,"2","Barbus barbus"
2024-06-02,64,60,2.1,1.7,1.9,1510,2.7,50,2.6,4970,6480,14.3,64.3,5534,15.1,26.8,13.2,148,2207,"2","Barbus barbus"
2024-06-09,45,-2070,-9.4,-2.1,-0.9,2070,2.4,17.7,2.6,3020,5090,15.9,33.6,4292,16,24,12.7,0,2207,"2","Barbus barbus"
2024-06-16,40,350,-4.2,3,2.7,390,3,4.6,3,2700,3090,11.5,16.1,2822,16.9,13.1,15.8,1,2208,"2","Barbus barbus"
2024-06-23,28,-530,-1.3,0.899999999999999,1.8,620,1.2,1.3,NA,2520,3140,9.9,11.2,2735,18.5,10.5,16.7,0,2208,"2","Barbus barbus"
2024-06-30,42,-370,-1,-1.5,-1.3,570,1.7,1,3.5,2180,2750,8.6,9.6,2510,18.9,9.3,16.5,176,2384,"2","Barbus barbus"
2024-07-07,31,800,0.699999999999999,1.3,1.1,800,1.3,1.3,3.4,2190,2990,7.9,9.2,2428,18.9,8.4,17.5,118,2502,"2","Barbus barbus"
2024-07-14,37,-840,-1.2,0.699999999999999,0.599999999999998,860,0.699999999999999,1.5,1.6,2110,2970,7.3,8.8,2360,20,7.9,18.4,41,2543,"2","Barbus barbus"
2024-07-21,18,-170,-0.100000000000001,0.199999999999999,0.599999999999998,360,0.399999999999999,1.9,0.800000000000001,1910,2270,7.1,9,2088,20.2,8,17.7,0,2543,"2","Barbus barbus"
2024-07-28,21,20,-0.7,0.800000000000001,-0.800000000000001,250,1,0.7,1,1560,1810,6.3,7,1684,20.9,6.6,18,113,2656,"2","Barbus barbus"
2024-08-04,16,-340,-1,0.199999999999999,1.3,340,0.199999999999999,1.2,1.8,1470,1810,5.8,7,1634,21.1,6.3,17.9,176,2832,"2","Barbus barbus"
2024-08-11,23,60,0.5,1.4,0.5,210,1.4,0.5,0.699999999999999,1290,1500,5.6,6.1,1404,22.2,5.8,19.4,19,2851,"2","Barbus barbus"
2024-08-18,24,50,-2.3,-2.4,-1,920,2.7,2.3,2.4,1530,2450,5.2,7.5,1930,21.6,6,17.9,0,2851,"2","Barbus barbus"
2024-08-25,23,-170,0.100000000000001,0.0999999999999979,0,230,0.599999999999998,0.5,0.5,1340,1570,5,5.5,1458,20.4,5.2,18.7,0,2851,"2","Barbus barbus"
2024-09-01,21,0,-0.5,0.0999999999999979,-2,70,0.399999999999999,0.5,2,1190,1260,4.5,5,1241,20.8,4.8,17.6,0,2851,"2","Barbus barbus"
2024-09-08,55,3770,126.5,-5.6,-7.1,3770,5.7,126.5,7.1,1140,4910,4.5,131,2137,19.3,26.6,14.5,0,2851,"2","Barbus barbus"
2024-09-15,86,-5520,-452.5,1.4,1.8,5520,2.3,452.5,1.8,3940,9460,35.5,488,7242,12.8,163.8,11.7,0,2851,"2","Barbus barbus"
2024-09-22,35,-340,-10.8,0.4,-0.5,700,0.5,10.8,0.799999999999999,2830,3530,19.5,30.3,3130,14.2,23.9,12.4,0,2851,"2","Barbus barbus"
2024-09-29,18,-60,7.4,-1.8,-0.600000000000001,690,1.8,10.4,0.800000000000001,2510,3200,15.6,26,2860,13.1,19.2,10.9,0,2851,"2","Barbus barbus"
2024-10-06,31,110,-5,NA,-0.199999999999999,980,NA,5.2,1.8,2490,3470,16.8,22,2952,12.3,18.5,11.5,0,2851,"2","Barbus barbus"
2024-10-13,15,-550,-2.5,NA,1.1,550,NA,2.9,1.4,2150,2700,13.8,16.7,2470,NA,15.4,11.1,9,2860,"2","Barbus barbus"
2024-10-20,51,-350,-1.5,NA,0.199999999999999,350,NA,1.5,0.700000000000001,1760,2110,11.7,13.2,1890,NA,12.5,11.1,225,3085,"2","Barbus barbus"
2024-10-27,20,-390,-1.1,NA,-1.6,390,NA,1.1,1.6,1290,1680,10.4,11.5,1477,NA,10.9,11,0,3085,"2","Barbus barbus"
2024-11-03,8,-40,-0.899999999999999,NA,-1.7,70,NA,0.899999999999999,1.7,1240,1310,9.3,10.2,1277,NA,9.8,8.4,19,3104,"2","Barbus barbus"
2024-11-10,1,-80,-0.699999999999999,NA,-0.3,80,NA,0.699999999999999,0.6,1110,1190,8.4,9.1,1161,NA,8.7,7.4,127,3231,"2","Barbus barbus"
2024-11-17,3,250,0,NA,-1.1,300,NA,0.799999999999999,3,1070,1370,8.3,9.1,1217,NA,8.6,6.7,11,3242,"2","Barbus barbus"
2024-12-01,1,370,2.9,NA,0.2,510,NA,4,1.6,1200,1710,8.9,12.9,1367,5.9,9.8,6.1,0,3252,"2","Barbus barbus"
2024-12-08,4,-310,-2.8,-0.5,-1.2,390,0.5,2.8,1.2,1470,1860,10.3,13.1,1668,5.6,11.5,6,0,3252,"2","Barbus barbus"
2024-12-15,7,130,4.3,0.3,-0.100000000000001,210,0.5,5.6,1.9,1270,1480,10.4,16,1394,5.7,13.8,6.5,0,3252,"2","Barbus barbus"
2024-12-22,1,-50,-3.7,-0.8,-2.2,500,0.8,3.7,2.2,1320,1820,9.7,13.4,1528,5.3,11.2,4.9,0,3252,"2","Barbus barbus"
2025-01-26,14,430,0.600000000000001,0.7,-0.0999999999999996,690,0.7,4.3,1.3,1100,1790,8.2,12.5,1402,4,9.8,5.3,0,3252,"2","Barbus barbus"
2025-02-02,3,-180,-1.1,-0.3,-0.300000000000001,180,0.3,1.1,1.4,1230,1410,7.5,8.6,1317,4.5,7.9,4.4,0,3252,"2","Barbus barbus"
2025-02-23,55,130,-0.0999999999999996,1.3,2.2,150,1.3,0.3,2.4,1030,1180,6.4,6.7,1108,4.8,6.6,6.2,0,3252,"2","Barbus barbus"
2025-03-02,44,-60,-0.3,1.9,0.7,60,1.9,0.399999999999999,1.7,1020,1080,5.9,6.3,1045,6.8,6.1,6.6,0,3252,"2","Barbus barbus"
2025-03-09,65,140,2.9,0.100000000000001,-1.3,226,0.399999999999999,2.9,2,924,1150,5.9,8.8,1009,8,6.6,7.9,0,3252,"2","Barbus barbus"
2025-03-16,25,-163,-1.8,0.5,2.2,163,0.9,1.8,3.2,947,1110,7.4,9.2,999,7.9,7.9,6.5,0,3252,"2","Barbus barbus"
2025-03-23,158,181,9,0.9,-0.399999999999999,181,0.9,9.7,1.7,959,1140,6.6,16.3,1028,9.3,8.3,9.2,4,3256,"2","Barbus barbus"
2025-03-30,157,-660,-48.8,1,1.1,660,1.1,48.8,1.9,1480,2140,19.7,68.5,1764,9.8,37.7,8.2,0,3256,"2","Barbus barbus"
2025-06-01,46,210,-3.7,2.4,1.4,760,2.4,5.4,1.7,1510,2270,10.4,15.8,1844,17.2,13.1,15.5,0,3260,"2","Barbus barbus"
2025-06-08,16,-400,-2.9,0.199999999999999,1.8,620,0.800000000000001,4.5,2.3,1330,1950,9.1,13.6,1598,17.4,10.9,15.2,0,3260,"2","Barbus barbus"
2025-06-15,21,-130,-1.1,2.2,0.5,470,2.2,1.1,2.7,1140,1610,7.7,8.8,1348,19.4,8.3,16.8,0,3260,"2","Barbus barbus"
2025-06-22,14,160,-0.0999999999999996,1.5,1.5,200,1.5,1.9,2,1050,1250,7.5,9.4,1111,21.3,7.9,18.4,0,3260,"2","Barbus barbus"
2025-06-29,9,150,1.5,0.600000000000001,-1.8,190,0.900000000000002,5,2.3,1020,1210,6.7,11.7,1097,23,7.9,18.9,0,3260,"2","Barbus barbus"
2025-07-06,12,560,3.4,-5,-4,1260,5,10.1,5.5,1070,2330,7.7,17.8,1661,20.9,12,15.5,0,3260,"2","Barbus barbus"
2025-07-13,11,230,3.4,0.899999999999999,0.0999999999999996,850,1.1,4.2,3.2,1270,2120,9.8,14,1558,18.6,11.5,16.2,0,3260,"2","Barbus barbus"
2025-07-20,8,420,2.8,NA,-1.3,430,NA,5.1,1.5,1480,1910,9.6,14.7,1644,NA,11.4,16.8,0,3260,"2","Barbus barbus"
2025-07-27,28,-780,-11.8,NA,0.4,1880,NA,11.8,1.3,2330,4210,13.1,24.9,3274,16.9,19.1,14.5,0,3260,"2","Barbus barbus"
2025-08-03,8,150,-1,-0.100000000000001,-0.5,150,0.100000000000001,1,0.5,2650,2800,11.7,12.7,2725,16.6,12.2,14.8,0,3260,"2","Barbus barbus"
2023-01-01,0,-40,-0.6,0.9,1.6,150,0.9,0.699999999999999,1.6,1280,1430,5.9,6.6,1360,6,6.1,7.8,0,459,"2","Barbus barbus"
2023-01-22,0,-30,-0.2,-0.8,-0.3,100,0.8,0.2,1.1,1100,1200,5.6,5.8,1151,4.5,5.7,5.3,15,474,"2","Barbus barbus"
2023-12-03,0,-340,-1.2,-1,0.6,360,1,1.4,2,1950,2310,10,11.4,2068,3.8,10.6,6.2,0,1544,"2","Barbus barbus"
2024-01-14,0,330,0.9,-0.1,0.2,460,0.3,3.8,1.1,1740,2200,13,16.8,1895,2.7,14.2,4.7,0,1544,"2","Barbus barbus"
2024-11-24,0,190,3.8,NA,1,270,NA,3.9,1.1,1140,1410,8,11.9,1255,NA,8.8,6.5,10,3252,"2","Barbus barbus"
2024-12-29,0,-100,-0.9,-1,0.2,170,1,0.9,1.2,1130,1300,8.4,9.3,1208,3.9,8.9,3.8,0,3252,"2","Barbus barbus"
2025-01-05,0,850,0.0999999999999996,0,-0.0999999999999996,850,0.2,0.6,2.1,1190,2040,8.4,9,1661,3.3,8.8,4.8,0,3252,"2","Barbus barbus"
2025-01-12,0,-570,-0.699999999999999,0.1,1.8,570,0.4,0.699999999999999,2,1360,1930,7.5,8.2,1570,3.5,7.8,3.9,0,3252,"2","Barbus barbus"
2025-01-19,0,-160,0.2,0.2,0.9,170,0.6,0.4,1.2,1120,1290,7.5,7.9,1240,3.1,7.7,4.4,0,3252,"2","Barbus barbus"
2025-02-09,0,220,-0.3,0.2,0.3,290,0.300000000000001,0.3,1.3,1100,1390,7,7.3,1198,4.2,7.2,4.8,0,3252,"2","Barbus barbus"
2025-02-16,0,-250,-0.4,-0.2,0.5,250,0.5,0.4,2,1070,1320,6.5,6.9,1175,4,6.7,3.6,0,3252,"2","Barbus barbus"
2023-01-29,1,1620,25.5,0.1,0,1620,0.1,25.5,0.4,1050,2670,8.7,34.2,1595,3.8,18.6,5.1,0,211,"1","Chondrostoma nasus"
2023-02-12,1,240,17.1,1.1,2.2,270,1.1,17.1,2.3,1090,1360,8,25.1,1165,3.7,11.1,6.3,0,211,"1","Chondrostoma nasus"
2023-02-19,1,-340,-14.4,1.9,-0.5,580,1.9,24.2,1.1,1520,2100,16.5,40.7,1768,6.5,25.1,8.4,0,211,"1","Chondrostoma nasus"
2023-03-19,3,50,-0.2,2.2,NA,80,2.2,0.3,NA,1390,1470,7.8,8.1,1420,8.7,8,10.8,31,265,"1","Chondrostoma nasus"
2023-03-26,9,690,5.2,-0.700000000000001,-0.0999999999999996,800,0.700000000000001,7.2,2.5,1470,2270,7.9,15.1,1697,9.4,10.7,9,0,265,"1","Chondrostoma nasus"
2023-06-04,4,-160,-0.300000000000001,0,0.300000000000001,260,0.200000000000003,1,0.399999999999999,1780,2040,12.3,13.3,1917,17,12.7,16.7,0,426,"1","Chondrostoma nasus"
2023-06-11,3,-240,-3.8,1.6,1.6,240,1.6,3.8,1.6,1500,1740,10,13.8,1621,17.8,11.2,17,0,426,"1","Chondrostoma nasus"
2023-06-18,2,270,-0.100000000000001,1,-0.900000000000002,340,1.6,0.800000000000001,3.8,1300,1640,9,9.8,1465,19.4,9.3,19.7,0,426,"1","Chondrostoma nasus"
2023-06-25,2,-330,2.9,0.800000000000001,1.5,380,0.800000000000001,3.9,1.8,1210,1590,7.8,11.7,1320,19.8,8.8,19.2,0,426,"1","Chondrostoma nasus"
2023-07-02,1,-340,-2.3,0.399999999999999,1.1,350,0.699999999999999,2.3,1.1,1250,1600,7.1,9.4,1352,19.8,8.1,20.2,0,426,"1","Chondrostoma nasus"
2023-07-16,1,120,-0.899999999999999,-0.399999999999999,-2.6,180,0.899999999999999,0.899999999999999,2.7,1180,1360,5.9,6.8,1254,22,6.4,21.4,0,426,"1","Chondrostoma nasus"
2023-07-23,2,240,-0.2,-1.8,-0.199999999999999,630,2.2,0.7,2.9,1080,1710,5.7,6.4,1392,21.1,6.1,19.7,6,432,"1","Chondrostoma nasus"
2023-07-30,18,730,5.4,-1.2,NA,790,1.2,5.6,NA,1450,2240,5.4,11,1694,19.1,6.9,19.9,14,446,"1","Chondrostoma nasus"
2023-08-06,26,-1990,-13.8,-1.3,NA,1990,2.7,13.8,NA,2080,4070,7.9,21.7,2972,16,12.6,NA,162,608,"1","Chondrostoma nasus"
2023-08-13,13,-230,0.7,3.5,NA,230,3.5,2.2,NA,1580,1810,6.3,8.5,1677,18.8,7.4,22.1,0,608,"1","Chondrostoma nasus"
2023-08-20,4,-190,-0.2,1.4,NA,190,1.4,0.3,NA,1260,1450,7.8,8.1,1324,21.9,7.9,NA,0,608,"1","Chondrostoma nasus"
2023-08-27,17,1150,-1.7,-5.4,-1,3530,5.8,2.2,3.3,1540,5070,5.7,7.9,3344,18.8,6.8,18.9,0,608,"1","Chondrostoma nasus"
2023-09-03,16,-800,-1,1.4,NA,800,1.5,1,NA,1400,2200,4.7,5.7,1711,17.4,5.2,18.8,0,608,"1","Chondrostoma nasus"
2023-09-10,1,10,0.8,0.600000000000001,-0.899999999999999,260,0.800000000000001,3.4,1.2,1270,1530,4.7,8.1,1358,19,5.6,19.5,41,649,"1","Chondrostoma nasus"
2023-09-24,2,-370,0.0999999999999996,-1,1.3,370,1,0.4,1.9,1020,1390,4.1,4.5,1164,17.6,4.3,17.7,0,649,"1","Chondrostoma nasus"
2023-10-01,1,-53,-0.399999999999999,-1,-1.8,53,1,0.5,1.8,894,947,4.2,4.7,925,16.6,4.5,17,0,649,"1","Chondrostoma nasus"
2023-10-08,1,37,-0.3,-0.0999999999999996,1.2,81,0.5,0.8,2.1,857,938,3.9,4.7,896,15.8,4.2,16.1,0,649,"1","Chondrostoma nasus"
2023-10-15,1,72,-0.4,-1.9,-0.4,89,2.1,0.4,2.7,816,905,3.8,4.2,856,14.1,4,13.7,0,649,"1","Chondrostoma nasus"
2023-10-22,5,171,1.5,-1.4,-1.5,278,1.4,2.2,1.5,842,1120,3.8,6,940,13.1,4.5,14.1,42,691,"1","Chondrostoma nasus"
2023-10-29,2,1040,5,-1,-0.9,1133,1,5,1.1,957,2090,4.4,9.4,1327,12,6.2,12.6,0,691,"1","Chondrostoma nasus"
2023-11-05,3,-470,-2.7,-1.6,-0.800000000000001,470,1.6,3.7,1.3,1180,1650,5.1,8.8,1381,10.1,7,11.8,102,793,"1","Chondrostoma nasus"
2023-11-12,14,2090,5,-0.5,-1.8,2290,0.5,6.9,2.7,1140,3430,7.7,14.6,2537,8.8,10.3,10.9,0,793,"1","Chondrostoma nasus"
2023-11-19,5,-660,8.5,-0.5,-2.8,1810,0.6,9.5,2.9,2600,4410,8.3,17.8,3285,8.3,13.1,9.2,0,793,"1","Chondrostoma nasus"
2023-12-10,1,1860,14.1,2.9,-0.0999999999999996,2800,2.9,21.3,1.5,2140,4940,12.8,34.1,3994,5,25.2,7.2,0,846,"1","Chondrostoma nasus"
2023-12-17,2,1850,89.3,-0.800000000000001,-0.9,2730,0.800000000000001,96.7,1.2,2550,5280,13.3,110,3255,6,30.7,6.5,0,846,"1","Chondrostoma nasus"
2023-12-24,2,-3450,-98.8,0.7,0.4,3450,1,98.8,1.4,2870,6320,25.2,124,4411,6.8,57.2,7.7,0,846,"1","Chondrostoma nasus"
2024-01-21,1,1430,5.1,1.8,2.5,1650,1.8,8.4,2.8,1760,3410,13.2,21.6,2417,3.4,17.1,5.7,0,846,"1","Chondrostoma nasus"
2024-01-28,1,-1010,-3.7,0.100000000000001,0.800000000000001,1010,0.2,3.7,1.6,2140,3150,13,16.7,2442,4.8,14.3,6,0,846,"1","Chondrostoma nasus"
2024-02-04,1,100,-1.4,1.7,0.800000000000001,180,1.7,4.3,1.1,1980,2160,13,17.3,2077,6.2,14.6,8,0,846,"1","Chondrostoma nasus"
2024-02-18,1,350,1.5,0.4,-1.2,350,0.5,1.6,1.2,1950,2300,11.4,13,2075,7.9,11.8,8.4,0,846,"1","Chondrostoma nasus"
2024-02-25,1,-590,-2,0,1.9,590,0.2,2,2,1770,2360,10.9,12.9,1992,7.8,11.8,8.3,35,881,"1","Chondrostoma nasus"
2024-03-10,2,10,10.3,1,0.699999999999999,300,1,64.9,1.9,1420,1720,9.3,74.2,1541,8.6,30.4,9.1,1,921,"1","Chondrostoma nasus"
2024-03-17,4,270,-6.9,1.2,0.9,380,1.2,6.9,2,1540,1920,13.1,20,1747,9.8,15.8,9.9,6,927,"1","Chondrostoma nasus"
2024-03-31,14,0,-0.4,1.5,1.7,210,1.5,1.6,3,1710,1920,10.5,12.1,1768,10.9,11.2,11,47,1027,"1","Chondrostoma nasus"
2024-06-02,30,60,2.1,1.7,1.9,1510,2.7,50,2.6,4970,6480,14.3,64.3,5534,15.1,26.8,13.2,14,1041,"1","Chondrostoma nasus"
2024-06-09,26,-2070,-9.4,-2.1,-0.9,2070,2.4,17.7,2.6,3020,5090,15.9,33.6,4292,16,24,12.7,0,1041,"1","Chondrostoma nasus"
2024-06-16,20,350,-4.2,3,2.7,390,3,4.6,3,2700,3090,11.5,16.1,2822,16.9,13.1,15.8,0,1041,"1","Chondrostoma nasus"
2024-06-23,15,-530,-1.3,0.899999999999999,1.8,620,1.2,1.3,NA,2520,3140,9.9,11.2,2735,18.5,10.5,16.7,0,1041,"1","Chondrostoma nasus"
2024-06-30,23,-370,-1,-1.5,-1.3,570,1.7,1,3.5,2180,2750,8.6,9.6,2510,18.9,9.3,16.5,36,1077,"1","Chondrostoma nasus"
2024-07-07,27,800,0.699999999999999,1.3,1.1,800,1.3,1.3,3.4,2190,2990,7.9,9.2,2428,18.9,8.4,17.5,22,1099,"1","Chondrostoma nasus"
2024-07-14,13,-840,-1.2,0.699999999999999,0.599999999999998,860,0.699999999999999,1.5,1.6,2110,2970,7.3,8.8,2360,20,7.9,18.4,33,1132,"1","Chondrostoma nasus"
2024-07-21,11,-170,-0.100000000000001,0.199999999999999,0.599999999999998,360,0.399999999999999,1.9,0.800000000000001,1910,2270,7.1,9,2088,20.2,8,17.7,0,1132,"1","Chondrostoma nasus"
2024-07-28,7,20,-0.7,0.800000000000001,-0.800000000000001,250,1,0.7,1,1560,1810,6.3,7,1684,20.9,6.6,18,20,1152,"1","Chondrostoma nasus"
2024-08-04,2,-340,-1,0.199999999999999,1.3,340,0.199999999999999,1.2,1.8,1470,1810,5.8,7,1634,21.1,6.3,17.9,9,1161,"1","Chondrostoma nasus"
2024-08-18,3,50,-2.3,-2.4,-1,920,2.7,2.3,2.4,1530,2450,5.2,7.5,1930,21.6,6,17.9,0,1167,"1","Chondrostoma nasus"
2024-08-25,1,-170,0.100000000000001,0.0999999999999979,0,230,0.599999999999998,0.5,0.5,1340,1570,5,5.5,1458,20.4,5.2,18.7,0,1167,"1","Chondrostoma nasus"
2024-09-08,55,3770,126.5,-5.6,-7.1,3770,5.7,126.5,7.1,1140,4910,4.5,131,2137,19.3,26.6,14.5,0,1167,"1","Chondrostoma nasus"
2024-09-15,24,-5520,-452.5,1.4,1.8,5520,2.3,452.5,1.8,3940,9460,35.5,488,7242,12.8,163.8,11.7,0,1167,"1","Chondrostoma nasus"
2024-09-22,62,-340,-10.8,0.4,-0.5,700,0.5,10.8,0.799999999999999,2830,3530,19.5,30.3,3130,14.2,23.9,12.4,0,1167,"1","Chondrostoma nasus"
2024-09-29,45,-60,7.4,-1.8,-0.600000000000001,690,1.8,10.4,0.800000000000001,2510,3200,15.6,26,2860,13.1,19.2,10.9,0,1167,"1","Chondrostoma nasus"
2024-10-06,55,110,-5,NA,-0.199999999999999,980,NA,5.2,1.8,2490,3470,16.8,22,2952,12.3,18.5,11.5,0,1167,"1","Chondrostoma nasus"
2024-10-13,20,-550,-2.5,NA,1.1,550,NA,2.9,1.4,2150,2700,13.8,16.7,2470,NA,15.4,11.1,23,1190,"1","Chondrostoma nasus"
2024-10-20,7,-350,-1.5,NA,0.199999999999999,350,NA,1.5,0.700000000000001,1760,2110,11.7,13.2,1890,NA,12.5,11.1,1,1191,"1","Chondrostoma nasus"
2024-10-27,1,-390,-1.1,NA,-1.6,390,NA,1.1,1.6,1290,1680,10.4,11.5,1477,NA,10.9,11,0,1191,"1","Chondrostoma nasus"
2024-11-24,1,190,3.8,NA,1,270,NA,3.9,1.1,1140,1410,8,11.9,1255,NA,8.8,6.5,9,1386,"1","Chondrostoma nasus"
2024-12-15,1,130,4.3,0.3,-0.100000000000001,210,0.5,5.6,1.9,1270,1480,10.4,16,1394,5.7,13.8,6.5,0,1386,"1","Chondrostoma nasus"
2024-12-22,1,-50,-3.7,-0.8,-2.2,500,0.8,3.7,2.2,1320,1820,9.7,13.4,1528,5.3,11.2,4.9,0,1386,"1","Chondrostoma nasus"
2024-12-29,7,-100,-0.9,-1,0.2,170,1,0.9,1.2,1130,1300,8.4,9.3,1208,3.9,8.9,3.8,0,1386,"1","Chondrostoma nasus"
2025-01-05,4,850,0.0999999999999996,0,-0.0999999999999996,850,0.2,0.6,2.1,1190,2040,8.4,9,1661,3.3,8.8,4.8,0,1386,"1","Chondrostoma nasus"
2025-01-26,10,430,0.600000000000001,0.7,-0.0999999999999996,690,0.7,4.3,1.3,1100,1790,8.2,12.5,1402,4,9.8,5.3,0,1386,"1","Chondrostoma nasus"
2025-02-09,1,220,-0.3,0.2,0.3,290,0.300000000000001,0.3,1.3,1100,1390,7,7.3,1198,4.2,7.2,4.8,0,1386,"1","Chondrostoma nasus"
2025-02-16,2,-250,-0.4,-0.2,0.5,250,0.5,0.4,2,1070,1320,6.5,6.9,1175,4,6.7,3.6,0,1386,"1","Chondrostoma nasus"
2025-02-23,3,130,-0.0999999999999996,1.3,2.2,150,1.3,0.3,2.4,1030,1180,6.4,6.7,1108,4.8,6.6,6.2,0,1386,"1","Chondrostoma nasus"
2025-03-23,1,181,9,0.9,-0.399999999999999,181,0.9,9.7,1.7,959,1140,6.6,16.3,1028,9.3,8.3,9.2,0,1386,"1","Chondrostoma nasus"
2025-03-30,5,-660,-48.8,1,1.1,660,1.1,48.8,1.9,1480,2140,19.7,68.5,1764,9.8,37.7,8.2,0,1386,"1","Chondrostoma nasus"
2025-06-01,10,210,-3.7,2.4,1.4,760,2.4,5.4,1.7,1510,2270,10.4,15.8,1844,17.2,13.1,15.5,0,1393,"1","Chondrostoma nasus"
2025-06-08,6,-400,-2.9,0.199999999999999,1.8,620,0.800000000000001,4.5,2.3,1330,1950,9.1,13.6,1598,17.4,10.9,15.2,0,1393,"1","Chondrostoma nasus"
2025-06-15,1,-130,-1.1,2.2,0.5,470,2.2,1.1,2.7,1140,1610,7.7,8.8,1348,19.4,8.3,16.8,0,1393,"1","Chondrostoma nasus"
2025-07-06,2,560,3.4,-5,-4,1260,5,10.1,5.5,1070,2330,7.7,17.8,1661,20.9,12,15.5,0,1393,"1","Chondrostoma nasus"
2025-07-13,3,230,3.4,0.899999999999999,0.0999999999999996,850,1.1,4.2,3.2,1270,2120,9.8,14,1558,18.6,11.5,16.2,0,1393,"1","Chondrostoma nasus"
2025-07-20,1,420,2.8,NA,-1.3,430,NA,5.1,1.5,1480,1910,9.6,14.7,1644,NA,11.4,16.8,0,1393,"1","Chondrostoma nasus"
2025-07-27,19,-780,-11.8,NA,0.4,1880,NA,11.8,1.3,2330,4210,13.1,24.9,3274,16.9,19.1,14.5,0,1393,"1","Chondrostoma nasus"
2025-08-03,9,150,-1,-0.100000000000001,-0.5,150,0.100000000000001,1,0.5,2650,2800,11.7,12.7,2725,16.6,12.2,14.8,0,1393,"1","Chondrostoma nasus"
2023-02-05,0,-1110,-12.1,-0.8,0.5,1110,0.9,12.1,0.8,1180,2290,7.9,20,1571,3.2,11.7,5,0,211,"1","Chondrostoma nasus"
2023-02-26,0,-420,-5.2,-0.5,0.3,430,0.8,5.2,0.9,1290,1720,11.4,16.6,1420,6.3,13.3,6.9,0,211,"1","Chondrostoma nasus"
2023-03-05,0,290,-1.3,0.100000000000001,0.3,300,0.8,1.3,1.9,1150,1450,9.6,10.9,1224,6.3,10.1,7.5,0,211,"1","Chondrostoma nasus"
2023-03-12,0,40,-1,1,1.1,330,1,1.2,1.1,1340,1670,8.2,9.4,1508,6.6,8.9,7.6,23,234,"1","Chondrostoma nasus"
2023-07-09,0,280,-0.2,1.2,0,500,1.2,1,1.2,1140,1640,6.8,7.8,1287,21,7.1,21.5,0,426,"1","Chondrostoma nasus"
2023-09-17,0,0,-0.4,-0.400000000000002,-1.3,110,0.600000000000001,0.8,1.7,1120,1230,4.8,5.6,1184,19.1,5.2,18.8,0,649,"1","Chondrostoma nasus"
2023-11-26,0,-90,-3.9,-2.4,-0.899999999999999,230,2.4,6.6,1.9,2180,2410,8.9,15.5,2311,6.3,11.6,7.7,53,846,"1","Chondrostoma nasus"
2023-12-03,0,-340,-1.2,-1,0.6,360,1,1.4,2,1950,2310,10,11.4,2068,3.8,10.6,6.2,0,846,"1","Chondrostoma nasus"
2023-12-31,0,110,-4.2,-0.5,-0.0999999999999996,410,0.6,4.3,0.9,2340,2750,18.7,23,2608,6.3,20.3,7,0,846,"1","Chondrostoma nasus"
2024-01-07,0,-1050,-8.2,-2.8,-1.6,1050,2.8,8.2,3,2030,3080,14.4,22.6,2512,4.6,17.5,4.5,0,846,"1","Chondrostoma nasus"
2024-01-14,0,330,0.9,-0.1,0.2,460,0.3,3.8,1.1,1740,2200,13,16.8,1895,2.7,14.2,4.7,0,846,"1","Chondrostoma nasus"
2024-02-11,0,-370,-1.6,0.4,0,410,0.4,1.8,0.9,1810,2220,10.9,12.7,2047,7.3,11.6,8.1,0,846,"1","Chondrostoma nasus"
2024-03-03,0,-100,-1,0,-0.700000000000001,140,0.2,1,1.2,1560,1700,9.5,10.5,1607,7.9,9.9,9,39,920,"1","Chondrostoma nasus"
2024-03-24,0,-70,-2,-0.100000000000001,2.1,90,0.5,2,2.5,1660,1750,11.2,13.2,1712,10.1,12.3,9.2,53,980,"1","Chondrostoma nasus"
2024-08-11,0,60,0.5,1.4,0.5,210,1.4,0.5,0.699999999999999,1290,1500,5.6,6.1,1404,22.2,5.8,19.4,6,1167,"1","Chondrostoma nasus"
2024-09-01,0,0,-0.5,0.0999999999999979,-2,70,0.399999999999999,0.5,2,1190,1260,4.5,5,1241,20.8,4.8,17.6,0,1167,"1","Chondrostoma nasus"
2024-11-03,0,-40,-0.899999999999999,NA,-1.7,70,NA,0.899999999999999,1.7,1240,1310,9.3,10.2,1277,NA,9.8,8.4,31,1222,"1","Chondrostoma nasus"
2024-11-10,0,-80,-0.699999999999999,NA,-0.3,80,NA,0.699999999999999,0.6,1110,1190,8.4,9.1,1161,NA,8.7,7.4,81,1303,"1","Chondrostoma nasus"
2024-11-17,0,250,0,NA,-1.1,300,NA,0.799999999999999,3,1070,1370,8.3,9.1,1217,NA,8.6,6.7,74,1377,"1","Chondrostoma nasus"
2024-12-01,0,370,2.9,NA,0.2,510,NA,4,1.6,1200,1710,8.9,12.9,1367,5.9,9.8,6.1,0,1386,"1","Chondrostoma nasus"
2024-12-08,0,-310,-2.8,-0.5,-1.2,390,0.5,2.8,1.2,1470,1860,10.3,13.1,1668,5.6,11.5,6,0,1386,"1","Chondrostoma nasus"
2025-01-12,0,-570,-0.699999999999999,0.1,1.8,570,0.4,0.699999999999999,2,1360,1930,7.5,8.2,1570,3.5,7.8,3.9,0,1386,"1","Chondrostoma nasus"
2025-01-19,0,-160,0.2,0.2,0.9,170,0.6,0.4,1.2,1120,1290,7.5,7.9,1240,3.1,7.7,4.4,0,1386,"1","Chondrostoma nasus"
2025-02-02,0,-180,-1.1,-0.3,-0.300000000000001,180,0.3,1.1,1.4,1230,1410,7.5,8.6,1317,4.5,7.9,4.4,0,1386,"1","Chondrostoma nasus"
2025-03-02,0,-60,-0.3,1.9,0.7,60,1.9,0.399999999999999,1.7,1020,1080,5.9,6.3,1045,6.8,6.1,6.6,0,1386,"1","Chondrostoma nasus"
2025-03-09,0,140,2.9,0.100000000000001,-1.3,226,0.399999999999999,2.9,2,924,1150,5.9,8.8,1009,8,6.6,7.9,0,1386,"1","Chondrostoma nasus"
2025-03-16,0,-163,-1.8,0.5,2.2,163,0.9,1.8,3.2,947,1110,7.4,9.2,999,7.9,7.9,6.5,0,1386,"1","Chondrostoma nasus"
2025-06-22,0,160,-0.0999999999999996,1.5,1.5,200,1.5,1.9,2,1050,1250,7.5,9.4,1111,21.3,7.9,18.4,0,1393,"1","Chondrostoma nasus"
2025-06-29,0,150,1.5,0.600000000000001,-1.8,190,0.900000000000002,5,2.3,1020,1210,6.7,11.7,1097,23,7.9,18.9,0,1393,"1","Chondrostoma nasus"
2023-01-29,11,1620,28.8,0,0.2,1670,0.2,28.8,1.2,1000,2670,5.4,34.2,1354,3.8,13.1,4.9,0,504,"2","Chondrostoma nasus"
2023-02-05,5,-1110,-12.1,-0.8,0.5,1110,0.9,12.1,0.8,1180,2290,7.9,20,1571,3.2,11.7,5,0,504,"2","Chondrostoma nasus"
2023-02-12,3,240,17.1,1.1,2.2,270,1.1,17.1,2.3,1090,1360,8,25.1,1165,3.7,11.1,6.3,0,504,"2","Chondrostoma nasus"
2023-02-19,45,-340,-14.4,1.9,-0.5,580,1.9,24.2,1.1,1520,2100,16.5,40.7,1768,6.5,25.1,8.4,0,504,"2","Chondrostoma nasus"
2023-02-26,1,-420,-5.2,-0.5,0.3,430,0.8,5.2,0.9,1290,1720,11.4,16.6,1420,6.3,13.3,6.9,0,504,"2","Chondrostoma nasus"
2023-03-05,7,290,-1.3,0.100000000000001,0.3,300,0.8,1.3,1.9,1150,1450,9.6,10.9,1224,6.3,10.1,7.5,0,504,"2","Chondrostoma nasus"
2023-03-12,19,40,-1,1,1.1,330,1,1.2,1.1,1340,1670,8.2,9.4,1508,6.6,8.9,7.6,41,545,"2","Chondrostoma nasus"
2023-03-19,40,50,-0.2,2.2,NA,80,2.2,0.3,NA,1390,1470,7.8,8.1,1420,8.7,8,10.8,115,660,"2","Chondrostoma nasus"
2023-03-26,21,690,5.2,-0.700000000000001,-0.0999999999999996,800,0.700000000000001,7.2,2.5,1470,2270,7.9,15.1,1697,9.4,10.7,9,0,660,"2","Chondrostoma nasus"
2023-06-04,16,-160,-0.300000000000001,0,0.300000000000001,260,0.200000000000003,1,0.399999999999999,1780,2040,12.3,13.3,1917,17,12.7,16.7,0,1101,"2","Chondrostoma nasus"
2023-06-11,9,-240,-3.8,1.6,1.6,240,1.6,3.8,1.6,1500,1740,10,13.8,1621,17.8,11.2,17,0,1101,"2","Chondrostoma nasus"
2023-06-18,8,270,-0.100000000000001,1,-0.900000000000002,340,1.6,0.800000000000001,3.8,1300,1640,9,9.8,1465,19.4,9.3,19.7,0,1101,"2","Chondrostoma nasus"
2023-06-25,6,-330,2.9,0.800000000000001,1.5,380,0.800000000000001,3.9,1.8,1210,1590,7.8,11.7,1320,19.8,8.8,19.2,0,1101,"2","Chondrostoma nasus"
2023-07-02,6,-340,-2.3,0.399999999999999,1.1,350,0.699999999999999,2.3,1.1,1250,1600,7.1,9.4,1352,19.8,8.1,20.2,0,1101,"2","Chondrostoma nasus"
2023-07-09,4,280,-0.2,1.2,0,500,1.2,1,1.2,1140,1640,6.8,7.8,1287,21,7.1,21.5,0,1101,"2","Chondrostoma nasus"
2023-07-16,5,120,-0.899999999999999,-0.399999999999999,-2.6,180,0.899999999999999,0.899999999999999,2.7,1180,1360,5.9,6.8,1254,22,6.4,21.4,2,1103,"2","Chondrostoma nasus"
2023-07-23,5,240,-0.2,-1.8,-0.199999999999999,630,2.2,0.7,2.9,1080,1710,5.7,6.4,1392,21.1,6.1,19.7,10,1113,"2","Chondrostoma nasus"
2023-07-30,36,730,5.4,-1.2,NA,790,1.2,5.6,NA,1450,2240,5.4,11,1694,19.1,6.9,19.9,30,1143,"2","Chondrostoma nasus"
2023-08-06,57,-1990,-13.8,-1.3,NA,1990,2.7,13.8,NA,2080,4070,7.9,21.7,2972,16,12.6,NA,39,1182,"2","Chondrostoma nasus"
2023-08-13,13,-230,0.7,3.5,NA,230,3.5,2.2,NA,1580,1810,6.3,8.5,1677,18.8,7.4,22.1,0,1182,"2","Chondrostoma nasus"
2023-08-20,2,-190,-0.2,1.4,NA,190,1.4,0.3,NA,1260,1450,7.8,8.1,1324,21.9,7.9,NA,0,1182,"2","Chondrostoma nasus"
2023-08-27,44,1150,-1.7,-5.4,-1,3530,5.8,2.2,3.3,1540,5070,5.7,7.9,3344,18.8,6.8,18.9,0,1182,"2","Chondrostoma nasus"
2023-09-03,20,-800,-1,1.4,NA,800,1.5,1,NA,1400,2200,4.7,5.7,1711,17.4,5.2,18.8,0,1182,"2","Chondrostoma nasus"
2023-09-10,11,10,0.8,0.600000000000001,-0.899999999999999,260,0.800000000000001,3.4,1.2,1270,1530,4.7,8.1,1358,19,5.6,19.5,123,1305,"2","Chondrostoma nasus"
2023-09-17,5,0,-0.4,-0.400000000000002,-1.3,110,0.600000000000001,0.8,1.7,1120,1230,4.8,5.6,1184,19.1,5.2,18.8,0,1305,"2","Chondrostoma nasus"
2023-09-24,10,-370,0.0999999999999996,-1,1.3,370,1,0.4,1.9,1020,1390,4.1,4.5,1164,17.6,4.3,17.7,0,1305,"2","Chondrostoma nasus"
2023-10-01,13,-53,-0.399999999999999,-1,-1.8,53,1,0.5,1.8,894,947,4.2,4.7,925,16.6,4.5,17,0,1305,"2","Chondrostoma nasus"
2023-10-08,15,37,-0.3,-0.0999999999999996,1.2,81,0.5,0.8,2.1,857,938,3.9,4.7,896,15.8,4.2,16.1,0,1305,"2","Chondrostoma nasus"
2023-10-15,12,72,-0.4,-1.9,-0.4,89,2.1,0.4,2.7,816,905,3.8,4.2,856,14.1,4,13.7,0,1305,"2","Chondrostoma nasus"
2023-10-22,75,171,1.5,-1.4,-1.5,278,1.4,2.2,1.5,842,1120,3.8,6,940,13.1,4.5,14.1,165,1470,"2","Chondrostoma nasus"
2023-10-29,12,1040,5,-1,-0.9,1133,1,5,1.1,957,2090,4.4,9.4,1327,12,6.2,12.6,3,1473,"2","Chondrostoma nasus"
2023-11-05,11,-470,-2.7,-1.6,-0.800000000000001,470,1.6,3.7,1.3,1180,1650,5.1,8.8,1381,10.1,7,11.8,63,1536,"2","Chondrostoma nasus"
2023-11-12,84,2090,5,-0.5,-1.8,2290,0.5,6.9,2.7,1140,3430,7.7,14.6,2537,8.8,10.3,10.9,0,1536,"2","Chondrostoma nasus"
2023-11-19,88,-660,8.5,-0.5,-2.8,1810,0.6,9.5,2.9,2600,4410,8.3,17.8,3285,8.3,13.1,9.2,0,1536,"2","Chondrostoma nasus"
2023-11-26,2,-90,-3.9,-2.4,-0.899999999999999,230,2.4,6.6,1.9,2180,2410,8.9,15.5,2311,6.3,11.6,7.7,27,1563,"2","Chondrostoma nasus"
2023-12-03,1,-340,-1.2,-1,0.6,360,1,1.4,2,1950,2310,10,11.4,2068,3.8,10.6,6.2,0,1563,"2","Chondrostoma nasus"
2023-12-10,46,1860,14.1,2.9,-0.0999999999999996,2800,2.9,21.3,1.5,2140,4940,12.8,34.1,3994,5,25.2,7.2,0,1563,"2","Chondrostoma nasus"
2023-12-17,40,1850,89.3,-0.800000000000001,-0.9,2730,0.800000000000001,96.7,1.2,2550,5280,13.3,110,3255,6,30.7,6.5,0,1563,"2","Chondrostoma nasus"
2023-12-24,25,-3450,-98.8,0.7,0.4,3450,1,98.8,1.4,2870,6320,25.2,124,4411,6.8,57.2,7.7,0,1563,"2","Chondrostoma nasus"
2023-12-31,5,110,-4.2,-0.5,-0.0999999999999996,410,0.6,4.3,0.9,2340,2750,18.7,23,2608,6.3,20.3,7,0,1563,"2","Chondrostoma nasus"
2024-01-07,4,-1050,-8.2,-2.8,-1.6,1050,2.8,8.2,3,2030,3080,14.4,22.6,2512,4.6,17.5,4.5,0,1563,"2","Chondrostoma nasus"
2024-01-14,2,330,0.9,-0.1,0.2,460,0.3,3.8,1.1,1740,2200,13,16.8,1895,2.7,14.2,4.7,0,1563,"2","Chondrostoma nasus"
2024-01-21,47,1430,5.1,1.8,2.5,1650,1.8,8.4,2.8,1760,3410,13.2,21.6,2417,3.4,17.1,5.7,0,1563,"2","Chondrostoma nasus"
2024-01-28,3,-1010,-3.7,0.100000000000001,0.800000000000001,1010,0.2,3.7,1.6,2140,3150,13,16.7,2442,4.8,14.3,6,0,1563,"2","Chondrostoma nasus"
2024-02-04,20,100,-1.4,1.7,0.800000000000001,180,1.7,4.3,1.1,1980,2160,13,17.3,2077,6.2,14.6,8,0,1563,"2","Chondrostoma nasus"
2024-02-11,4,-370,-1.6,0.4,0,410,0.4,1.8,0.9,1810,2220,10.9,12.7,2047,7.3,11.6,8.1,0,1563,"2","Chondrostoma nasus"
2024-02-18,12,350,1.5,0.4,-1.2,350,0.5,1.6,1.2,1950,2300,11.4,13,2075,7.9,11.8,8.4,0,1563,"2","Chondrostoma nasus"
2024-02-25,26,-590,-2,0,1.9,590,0.2,2,2,1770,2360,10.9,12.9,1992,7.8,11.8,8.3,55,1618,"2","Chondrostoma nasus"
2024-03-03,21,-100,-1,0,-0.700000000000001,140,0.2,1,1.2,1560,1700,9.5,10.5,1607,7.9,9.9,9,52,1670,"2","Chondrostoma nasus"
2024-03-10,47,10,10.3,1,0.699999999999999,300,1,64.9,1.9,1420,1720,9.3,74.2,1541,8.6,30.4,9.1,221,1891,"2","Chondrostoma nasus"
2024-03-17,22,270,-6.9,1.2,0.9,380,1.2,6.9,2,1540,1920,13.1,20,1747,9.8,15.8,9.9,39,1930,"2","Chondrostoma nasus"
2024-03-24,21,-70,-2,-0.100000000000001,2.1,90,0.5,2,2.5,1660,1750,11.2,13.2,1712,10.1,12.3,9.2,81,2011,"2","Chondrostoma nasus"
2024-03-31,43,0,-0.4,1.5,1.7,210,1.5,1.6,3,1710,1920,10.5,12.1,1768,10.9,11.2,11,38,2049,"2","Chondrostoma nasus"
2024-06-02,62,60,2.1,1.7,1.9,1510,2.7,50,2.6,4970,6480,14.3,64.3,5534,15.1,26.8,13.2,121,2195,"2","Chondrostoma nasus"
2024-06-09,70,-2070,-9.4,-2.1,-0.9,2070,2.4,17.7,2.6,3020,5090,15.9,33.6,4292,16,24,12.7,0,2195,"2","Chondrostoma nasus"
2024-06-16,54,350,-4.2,3,2.7,390,3,4.6,3,2700,3090,11.5,16.1,2822,16.9,13.1,15.8,0,2195,"2","Chondrostoma nasus"
2024-06-23,63,-530,-1.3,0.899999999999999,1.8,620,1.2,1.3,NA,2520,3140,9.9,11.2,2735,18.5,10.5,16.7,0,2195,"2","Chondrostoma nasus"
2024-06-30,94,-370,-1,-1.5,-1.3,570,1.7,1,3.5,2180,2750,8.6,9.6,2510,18.9,9.3,16.5,185,2380,"2","Chondrostoma nasus"
2024-07-07,57,800,0.699999999999999,1.3,1.1,800,1.3,1.3,3.4,2190,2990,7.9,9.2,2428,18.9,8.4,17.5,71,2451,"2","Chondrostoma nasus"
2024-07-14,50,-840,-1.2,0.699999999999999,0.599999999999998,860,0.699999999999999,1.5,1.6,2110,2970,7.3,8.8,2360,20,7.9,18.4,23,2474,"2","Chondrostoma nasus"
2024-07-21,40,-170,-0.100000000000001,0.199999999999999,0.599999999999998,360,0.399999999999999,1.9,0.800000000000001,1910,2270,7.1,9,2088,20.2,8,17.7,0,2474,"2","Chondrostoma nasus"
2024-07-28,31,20,-0.7,0.800000000000001,-0.800000000000001,250,1,0.7,1,1560,1810,6.3,7,1684,20.9,6.6,18,67,2541,"2","Chondrostoma nasus"
2024-08-04,15,-340,-1,0.199999999999999,1.3,340,0.199999999999999,1.2,1.8,1470,1810,5.8,7,1634,21.1,6.3,17.9,84,2625,"2","Chondrostoma nasus"
2024-08-11,12,60,0.5,1.4,0.5,210,1.4,0.5,0.699999999999999,1290,1500,5.6,6.1,1404,22.2,5.8,19.4,47,2672,"2","Chondrostoma nasus"
2024-08-18,35,50,-2.3,-2.4,-1,920,2.7,2.3,2.4,1530,2450,5.2,7.5,1930,21.6,6,17.9,0,2672,"2","Chondrostoma nasus"
2024-08-25,5,-170,0.100000000000001,0.0999999999999979,0,230,0.599999999999998,0.5,0.5,1340,1570,5,5.5,1458,20.4,5.2,18.7,0,2672,"2","Chondrostoma nasus"
2024-09-01,11,0,-0.5,0.0999999999999979,-2,70,0.399999999999999,0.5,2,1190,1260,4.5,5,1241,20.8,4.8,17.6,0,2672,"2","Chondrostoma nasus"
2024-09-08,169,3770,126.5,-5.6,-7.1,3770,5.7,126.5,7.1,1140,4910,4.5,131,2137,19.3,26.6,14.5,0,2672,"2","Chondrostoma nasus"
2024-09-15,116,-5520,-452.5,1.4,1.8,5520,2.3,452.5,1.8,3940,9460,35.5,488,7242,12.8,163.8,11.7,0,2672,"2","Chondrostoma nasus"
2024-09-22,115,-340,-10.8,0.4,-0.5,700,0.5,10.8,0.799999999999999,2830,3530,19.5,30.3,3130,14.2,23.9,12.4,0,2672,"2","Chondrostoma nasus"
2024-09-29,121,-60,7.4,-1.8,-0.600000000000001,690,1.8,10.4,0.800000000000001,2510,3200,15.6,26,2860,13.1,19.2,10.9,0,2672,"2","Chondrostoma nasus"
2024-10-06,130,110,-5,NA,-0.199999999999999,980,NA,5.2,1.8,2490,3470,16.8,22,2952,12.3,18.5,11.5,0,2672,"2","Chondrostoma nasus"
2024-10-13,71,-550,-2.5,NA,1.1,550,NA,2.9,1.4,2150,2700,13.8,16.7,2470,NA,15.4,11.1,20,2692,"2","Chondrostoma nasus"
2024-10-20,36,-350,-1.5,NA,0.199999999999999,350,NA,1.5,0.700000000000001,1760,2110,11.7,13.2,1890,NA,12.5,11.1,162,2854,"2","Chondrostoma nasus"
2024-10-27,10,-390,-1.1,NA,-1.6,390,NA,1.1,1.6,1290,1680,10.4,11.5,1477,NA,10.9,11,0,2854,"2","Chondrostoma nasus"
2024-11-03,13,-40,-0.899999999999999,NA,-1.7,70,NA,0.899999999999999,1.7,1240,1310,9.3,10.2,1277,NA,9.8,8.4,35,2889,"2","Chondrostoma nasus"
2024-11-10,1,-80,-0.699999999999999,NA,-0.3,80,NA,0.699999999999999,0.6,1110,1190,8.4,9.1,1161,NA,8.7,7.4,159,3048,"2","Chondrostoma nasus"
2024-11-17,3,250,0,NA,-1.1,300,NA,0.799999999999999,3,1070,1370,8.3,9.1,1217,NA,8.6,6.7,97,3145,"2","Chondrostoma nasus"
2024-11-24,1,190,3.8,NA,1,270,NA,3.9,1.1,1140,1410,8,11.9,1255,NA,8.8,6.5,170,3315,"2","Chondrostoma nasus"
2024-12-01,6,370,2.9,NA,0.2,510,NA,4,1.6,1200,1710,8.9,12.9,1367,5.9,9.8,6.1,0,3315,"2","Chondrostoma nasus"
2024-12-08,8,-310,-2.8,-0.5,-1.2,390,0.5,2.8,1.2,1470,1860,10.3,13.1,1668,5.6,11.5,6,0,3315,"2","Chondrostoma nasus"
2024-12-29,4,-100,-0.9,-1,0.2,170,1,0.9,1.2,1130,1300,8.4,9.3,1208,3.9,8.9,3.8,0,3315,"2","Chondrostoma nasus"
2025-01-05,1,850,0.0999999999999996,0,-0.0999999999999996,850,0.2,0.6,2.1,1190,2040,8.4,9,1661,3.3,8.8,4.8,0,3315,"2","Chondrostoma nasus"
2025-01-26,9,430,0.600000000000001,0.7,-0.0999999999999996,690,0.7,4.3,1.3,1100,1790,8.2,12.5,1402,4,9.8,5.3,0,3315,"2","Chondrostoma nasus"
2025-02-16,1,-250,-0.4,-0.2,0.5,250,0.5,0.4,2,1070,1320,6.5,6.9,1175,4,6.7,3.6,0,3315,"2","Chondrostoma nasus"
2025-02-23,2,130,-0.0999999999999996,1.3,2.2,150,1.3,0.3,2.4,1030,1180,6.4,6.7,1108,4.8,6.6,6.2,0,3315,"2","Chondrostoma nasus"
2025-03-02,2,-60,-0.3,1.9,0.7,60,1.9,0.399999999999999,1.7,1020,1080,5.9,6.3,1045,6.8,6.1,6.6,0,3315,"2","Chondrostoma nasus"
2025-03-09,9,140,2.9,0.100000000000001,-1.3,226,0.399999999999999,2.9,2,924,1150,5.9,8.8,1009,8,6.6,7.9,0,3315,"2","Chondrostoma nasus"
2025-03-16,12,-163,-1.8,0.5,2.2,163,0.9,1.8,3.2,947,1110,7.4,9.2,999,7.9,7.9,6.5,0,3315,"2","Chondrostoma nasus"
2025-03-23,55,181,9,0.9,-0.399999999999999,181,0.9,9.7,1.7,959,1140,6.6,16.3,1028,9.3,8.3,9.2,293,3608,"2","Chondrostoma nasus"
2025-03-30,30,-660,-48.8,1,1.1,660,1.1,48.8,1.9,1480,2140,19.7,68.5,1764,9.8,37.7,8.2,0,3608,"2","Chondrostoma nasus"
2025-06-01,26,210,-3.7,2.4,1.4,760,2.4,5.4,1.7,1510,2270,10.4,15.8,1844,17.2,13.1,15.5,0,3623,"2","Chondrostoma nasus"
2025-06-08,15,-400,-2.9,0.199999999999999,1.8,620,0.800000000000001,4.5,2.3,1330,1950,9.1,13.6,1598,17.4,10.9,15.2,0,3623,"2","Chondrostoma nasus"
2025-06-15,7,-130,-1.1,2.2,0.5,470,2.2,1.1,2.7,1140,1610,7.7,8.8,1348,19.4,8.3,16.8,0,3623,"2","Chondrostoma nasus"
2025-06-22,4,160,-0.0999999999999996,1.5,1.5,200,1.5,1.9,2,1050,1250,7.5,9.4,1111,21.3,7.9,18.4,0,3623,"2","Chondrostoma nasus"
2025-06-29,4,150,1.5,0.600000000000001,-1.8,190,0.900000000000002,5,2.3,1020,1210,6.7,11.7,1097,23,7.9,18.9,0,3623,"2","Chondrostoma nasus"
2025-07-06,15,560,3.4,-5,-4,1260,5,10.1,5.5,1070,2330,7.7,17.8,1661,20.9,12,15.5,0,3623,"2","Chondrostoma nasus"
2025-07-13,7,230,3.4,0.899999999999999,0.0999999999999996,850,1.1,4.2,3.2,1270,2120,9.8,14,1558,18.6,11.5,16.2,0,3623,"2","Chondrostoma nasus"
2025-07-20,10,420,2.8,NA,-1.3,430,NA,5.1,1.5,1480,1910,9.6,14.7,1644,NA,11.4,16.8,0,3623,"2","Chondrostoma nasus"
2025-07-27,92,-780,-11.8,NA,0.4,1880,NA,11.8,1.3,2330,4210,13.1,24.9,3274,16.9,19.1,14.5,0,3623,"2","Chondrostoma nasus"
2025-08-03,45,150,-1,-0.100000000000001,-0.5,150,0.100000000000001,1,0.5,2650,2800,11.7,12.7,2725,16.6,12.2,14.8,0,3623,"2","Chondrostoma nasus"
2023-01-01,0,-40,-0.6,0.9,1.6,150,0.9,0.699999999999999,1.6,1280,1430,5.9,6.6,1360,6,6.1,7.8,0,504,"2","Chondrostoma nasus"
2023-01-08,0,60,1.1,-0.0999999999999996,-0.0999999999999996,180,0.2,1.6,0.8,1270,1450,5.7,7.3,1347,6.6,6.7,7.4,0,504,"2","Chondrostoma nasus"
2023-01-15,0,-40,-0.899999999999999,-1.4,-2,90,1.4,1.7,2,1250,1340,5.9,7.6,1292,5.8,6.7,6.3,0,504,"2","Chondrostoma nasus"
2023-01-22,0,-30,-0.2,-0.8,-0.3,100,0.8,0.2,1.1,1100,1200,5.6,5.8,1151,4.5,5.7,5.3,0,504,"2","Chondrostoma nasus"
2024-12-15,0,130,4.3,0.3,-0.100000000000001,210,0.5,5.6,1.9,1270,1480,10.4,16,1394,5.7,13.8,6.5,0,3315,"2","Chondrostoma nasus"
2024-12-22,0,-50,-3.7,-0.8,-2.2,500,0.8,3.7,2.2,1320,1820,9.7,13.4,1528,5.3,11.2,4.9,0,3315,"2","Chondrostoma nasus"
2025-01-12,0,-570,-0.699999999999999,0.1,1.8,570,0.4,0.699999999999999,2,1360,1930,7.5,8.2,1570,3.5,7.8,3.9,0,3315,"2","Chondrostoma nasus"
2025-01-19,0,-160,0.2,0.2,0.9,170,0.6,0.4,1.2,1120,1290,7.5,7.9,1240,3.1,7.7,4.4,0,3315,"2","Chondrostoma nasus"
2025-02-02,0,-180,-1.1,-0.3,-0.300000000000001,180,0.3,1.1,1.4,1230,1410,7.5,8.6,1317,4.5,7.9,4.4,0,3315,"2","Chondrostoma nasus"
2025-02-09,0,220,-0.3,0.2,0.3,290,0.300000000000001,0.3,1.3,1100,1390,7,7.3,1198,4.2,7.2,4.8,0,3315,"2","Chondrostoma nasus"
2023-03-05,2,290,-1.3,0.100000000000001,0.3,300,0.8,1.3,1.9,1150,1450,9.6,10.9,1224,6.3,10.1,7.5,0,49,"1","Squalius cephalus"
2023-06-04,1,-160,-0.300000000000001,0,0.300000000000001,260,0.200000000000003,1,0.399999999999999,1780,2040,12.3,13.3,1917,17,12.7,16.7,0,147,"1","Squalius cephalus"
2023-06-18,2,270,-0.100000000000001,1,-0.900000000000002,340,1.6,0.800000000000001,3.8,1300,1640,9,9.8,1465,19.4,9.3,19.7,0,147,"1","Squalius cephalus"
2023-07-09,1,280,-0.2,1.2,0,500,1.2,1,1.2,1140,1640,6.8,7.8,1287,21,7.1,21.5,0,147,"1","Squalius cephalus"
2023-07-23,2,240,-0.2,-1.8,-0.199999999999999,630,2.2,0.7,2.9,1080,1710,5.7,6.4,1392,21.1,6.1,19.7,15,162,"1","Squalius cephalus"
2023-07-30,2,730,5.4,-1.2,NA,790,1.2,5.6,NA,1450,2240,5.4,11,1694,19.1,6.9,19.9,9,171,"1","Squalius cephalus"
2023-08-06,2,-1990,-13.8,-1.3,NA,1990,2.7,13.8,NA,2080,4070,7.9,21.7,2972,16,12.6,NA,29,200,"1","Squalius cephalus"
2023-08-13,3,-230,0.7,3.5,NA,230,3.5,2.2,NA,1580,1810,6.3,8.5,1677,18.8,7.4,22.1,0,200,"1","Squalius cephalus"
2023-08-20,1,-190,-0.2,1.4,NA,190,1.4,0.3,NA,1260,1450,7.8,8.1,1324,21.9,7.9,NA,0,200,"1","Squalius cephalus"
2023-08-27,4,1150,-1.7,-5.4,-1,3530,5.8,2.2,3.3,1540,5070,5.7,7.9,3344,18.8,6.8,18.9,0,200,"1","Squalius cephalus"
2023-09-03,3,-800,-1,1.4,NA,800,1.5,1,NA,1400,2200,4.7,5.7,1711,17.4,5.2,18.8,0,200,"1","Squalius cephalus"
2023-09-10,3,10,0.8,0.600000000000001,-0.899999999999999,260,0.800000000000001,3.4,1.2,1270,1530,4.7,8.1,1358,19,5.6,19.5,15,215,"1","Squalius cephalus"
2023-09-17,2,0,-0.4,-0.400000000000002,-1.3,110,0.600000000000001,0.8,1.7,1120,1230,4.8,5.6,1184,19.1,5.2,18.8,0,215,"1","Squalius cephalus"
2023-09-24,2,-370,0.0999999999999996,-1,1.3,370,1,0.4,1.9,1020,1390,4.1,4.5,1164,17.6,4.3,17.7,0,215,"1","Squalius cephalus"
2023-10-01,4,-53,-0.399999999999999,-1,-1.8,53,1,0.5,1.8,894,947,4.2,4.7,925,16.6,4.5,17,0,215,"1","Squalius cephalus"
2023-10-08,4,37,-0.3,-0.0999999999999996,1.2,81,0.5,0.8,2.1,857,938,3.9,4.7,896,15.8,4.2,16.1,0,215,"1","Squalius cephalus"
2023-10-15,1,72,-0.4,-1.9,-0.4,89,2.1,0.4,2.7,816,905,3.8,4.2,856,14.1,4,13.7,0,215,"1","Squalius cephalus"
2023-10-22,3,171,1.5,-1.4,-1.5,278,1.4,2.2,1.5,842,1120,3.8,6,940,13.1,4.5,14.1,10,225,"1","Squalius cephalus"
2023-10-29,4,1040,5,-1,-0.9,1133,1,5,1.1,957,2090,4.4,9.4,1327,12,6.2,12.6,0,225,"1","Squalius cephalus"
2023-11-05,3,-470,-2.7,-1.6,-0.800000000000001,470,1.6,3.7,1.3,1180,1650,5.1,8.8,1381,10.1,7,11.8,26,251,"1","Squalius cephalus"
2023-12-03,1,-340,-1.2,-1,0.6,360,1,1.4,2,1950,2310,10,11.4,2068,3.8,10.6,6.2,0,253,"1","Squalius cephalus"
2023-12-17,1,1850,89.3,-0.800000000000001,-0.9,2730,0.800000000000001,96.7,1.2,2550,5280,13.3,110,3255,6,30.7,6.5,0,253,"1","Squalius cephalus"
2023-12-31,1,110,-4.2,-0.5,-0.0999999999999996,410,0.6,4.3,0.9,2340,2750,18.7,23,2608,6.3,20.3,7,0,253,"1","Squalius cephalus"
2024-02-04,1,100,-1.4,1.7,0.800000000000001,180,1.7,4.3,1.1,1980,2160,13,17.3,2077,6.2,14.6,8,0,253,"1","Squalius cephalus"
2024-02-11,1,-370,-1.6,0.4,0,410,0.4,1.8,0.9,1810,2220,10.9,12.7,2047,7.3,11.6,8.1,0,253,"1","Squalius cephalus"
2024-02-25,1,-590,-2,0,1.9,590,0.2,2,2,1770,2360,10.9,12.9,1992,7.8,11.8,8.3,16,269,"1","Squalius cephalus"
2024-03-03,1,-100,-1,0,-0.700000000000001,140,0.2,1,1.2,1560,1700,9.5,10.5,1607,7.9,9.9,9,18,287,"1","Squalius cephalus"
2024-03-10,4,10,10.3,1,0.699999999999999,300,1,64.9,1.9,1420,1720,9.3,74.2,1541,8.6,30.4,9.1,0,287,"1","Squalius cephalus"
2024-03-17,3,270,-6.9,1.2,0.9,380,1.2,6.9,2,1540,1920,13.1,20,1747,9.8,15.8,9.9,2,289,"1","Squalius cephalus"
2024-03-24,1,-70,-2,-0.100000000000001,2.1,90,0.5,2,2.5,1660,1750,11.2,13.2,1712,10.1,12.3,9.2,7,296,"1","Squalius cephalus"
2024-03-31,1,0,-0.4,1.5,1.7,210,1.5,1.6,3,1710,1920,10.5,12.1,1768,10.9,11.2,11,14,310,"1","Squalius cephalus"
2024-06-02,1,60,2.1,1.7,1.9,1510,2.7,50,2.6,4970,6480,14.3,64.3,5534,15.1,26.8,13.2,3,318,"1","Squalius cephalus"
2024-06-09,1,-2070,-9.4,-2.1,-0.9,2070,2.4,17.7,2.6,3020,5090,15.9,33.6,4292,16,24,12.7,0,318,"1","Squalius cephalus"
2024-06-16,2,350,-4.2,3,2.7,390,3,4.6,3,2700,3090,11.5,16.1,2822,16.9,13.1,15.8,0,318,"1","Squalius cephalus"
2024-06-30,6,-370,-1,-1.5,-1.3,570,1.7,1,3.5,2180,2750,8.6,9.6,2510,18.9,9.3,16.5,13,331,"1","Squalius cephalus"
2024-07-07,2,800,0.699999999999999,1.3,1.1,800,1.3,1.3,3.4,2190,2990,7.9,9.2,2428,18.9,8.4,17.5,17,348,"1","Squalius cephalus"
2024-07-14,5,-840,-1.2,0.699999999999999,0.599999999999998,860,0.699999999999999,1.5,1.6,2110,2970,7.3,8.8,2360,20,7.9,18.4,1,349,"1","Squalius cephalus"
2024-07-21,2,-170,-0.100000000000001,0.199999999999999,0.599999999999998,360,0.399999999999999,1.9,0.800000000000001,1910,2270,7.1,9,2088,20.2,8,17.7,0,349,"1","Squalius cephalus"
2024-07-28,1,20,-0.7,0.800000000000001,-0.800000000000001,250,1,0.7,1,1560,1810,6.3,7,1684,20.9,6.6,18,17,366,"1","Squalius cephalus"
2024-08-04,1,-340,-1,0.199999999999999,1.3,340,0.199999999999999,1.2,1.8,1470,1810,5.8,7,1634,21.1,6.3,17.9,1,367,"1","Squalius cephalus"
2024-08-11,1,60,0.5,1.4,0.5,210,1.4,0.5,0.699999999999999,1290,1500,5.6,6.1,1404,22.2,5.8,19.4,13,380,"1","Squalius cephalus"
2024-08-18,3,50,-2.3,-2.4,-1,920,2.7,2.3,2.4,1530,2450,5.2,7.5,1930,21.6,6,17.9,0,380,"1","Squalius cephalus"
2024-08-25,3,-170,0.100000000000001,0.0999999999999979,0,230,0.599999999999998,0.5,0.5,1340,1570,5,5.5,1458,20.4,5.2,18.7,0,380,"1","Squalius cephalus"
2024-09-01,6,0,-0.5,0.0999999999999979,-2,70,0.399999999999999,0.5,2,1190,1260,4.5,5,1241,20.8,4.8,17.6,0,380,"1","Squalius cephalus"
2024-09-08,1,3770,126.5,-5.6,-7.1,3770,5.7,126.5,7.1,1140,4910,4.5,131,2137,19.3,26.6,14.5,0,380,"1","Squalius cephalus"
2024-09-15,3,-5520,-452.5,1.4,1.8,5520,2.3,452.5,1.8,3940,9460,35.5,488,7242,12.8,163.8,11.7,0,380,"1","Squalius cephalus"
2024-09-22,7,-340,-10.8,0.4,-0.5,700,0.5,10.8,0.799999999999999,2830,3530,19.5,30.3,3130,14.2,23.9,12.4,0,380,"1","Squalius cephalus"
2024-09-29,2,-60,7.4,-1.8,-0.600000000000001,690,1.8,10.4,0.800000000000001,2510,3200,15.6,26,2860,13.1,19.2,10.9,0,380,"1","Squalius cephalus"
2024-10-06,2,110,-5,NA,-0.199999999999999,980,NA,5.2,1.8,2490,3470,16.8,22,2952,12.3,18.5,11.5,0,380,"1","Squalius cephalus"
2024-10-13,4,-550,-2.5,NA,1.1,550,NA,2.9,1.4,2150,2700,13.8,16.7,2470,NA,15.4,11.1,2,382,"1","Squalius cephalus"
2024-10-20,1,-350,-1.5,NA,0.199999999999999,350,NA,1.5,0.700000000000001,1760,2110,11.7,13.2,1890,NA,12.5,11.1,1,383,"1","Squalius cephalus"
2024-10-27,1,-390,-1.1,NA,-1.6,390,NA,1.1,1.6,1290,1680,10.4,11.5,1477,NA,10.9,11,0,383,"1","Squalius cephalus"
2024-11-03,3,-40,-0.899999999999999,NA,-1.7,70,NA,0.899999999999999,1.7,1240,1310,9.3,10.2,1277,NA,9.8,8.4,11,394,"1","Squalius cephalus"
2024-11-10,1,-80,-0.699999999999999,NA,-0.3,80,NA,0.699999999999999,0.6,1110,1190,8.4,9.1,1161,NA,8.7,7.4,19,413,"1","Squalius cephalus"
2024-12-15,1,130,4.3,0.3,-0.100000000000001,210,0.5,5.6,1.9,1270,1480,10.4,16,1394,5.7,13.8,6.5,0,434,"1","Squalius cephalus"
2024-12-29,3,-100,-0.9,-1,0.2,170,1,0.9,1.2,1130,1300,8.4,9.3,1208,3.9,8.9,3.8,0,434,"1","Squalius cephalus"
2025-01-12,1,-570,-0.699999999999999,0.1,1.8,570,0.4,0.699999999999999,2,1360,1930,7.5,8.2,1570,3.5,7.8,3.9,0,434,"1","Squalius cephalus"
2025-02-23,1,130,-0.0999999999999996,1.3,2.2,150,1.3,0.3,2.4,1030,1180,6.4,6.7,1108,4.8,6.6,6.2,0,434,"1","Squalius cephalus"
2025-03-30,1,-660,-48.8,1,1.1,660,1.1,48.8,1.9,1480,2140,19.7,68.5,1764,9.8,37.7,8.2,0,434,"1","Squalius cephalus"
2025-07-27,1,-780,-11.8,NA,0.4,1880,NA,11.8,1.3,2330,4210,13.1,24.9,3274,16.9,19.1,14.5,0,434,"1","Squalius cephalus"
2025-08-03,1,150,-1,-0.100000000000001,-0.5,150,0.100000000000001,1,0.5,2650,2800,11.7,12.7,2725,16.6,12.2,14.8,0,434,"1","Squalius cephalus"
2023-01-01,0,-40,-0.6,0.9,1.6,150,0.9,0.699999999999999,1.6,1280,1430,5.9,6.6,1360,6,6.1,7.8,0,47,"1","Squalius cephalus"
2023-01-08,0,60,1.1,-0.0999999999999996,-0.0999999999999996,180,0.2,1.6,0.8,1270,1450,5.7,7.3,1347,6.6,6.7,7.4,0,47,"1","Squalius cephalus"
2023-01-15,0,-40,-0.899999999999999,-1.4,-2,90,1.4,1.7,2,1250,1340,5.9,7.6,1292,5.8,6.7,6.3,0,47,"1","Squalius cephalus"
2023-01-22,0,-30,-0.2,-0.8,-0.3,100,0.8,0.2,1.1,1100,1200,5.6,5.8,1151,4.5,5.7,5.3,2,49,"1","Squalius cephalus"
2023-01-29,0,1620,28.8,0,0.2,1670,0.2,28.8,1.2,1000,2670,5.4,34.2,1354,3.8,13.1,4.9,0,49,"1","Squalius cephalus"
2023-02-05,0,-1110,-12.1,-0.8,0.5,1110,0.9,12.1,0.8,1180,2290,7.9,20,1571,3.2,11.7,5,0,49,"1","Squalius cephalus"
2023-02-12,0,240,17.1,1.1,2.2,270,1.1,17.1,2.3,1090,1360,8,25.1,1165,3.7,11.1,6.3,0,49,"1","Squalius cephalus"
2023-02-19,0,-340,-14.4,1.9,-0.5,580,1.9,24.2,1.1,1520,2100,16.5,40.7,1768,6.5,25.1,8.4,0,49,"1","Squalius cephalus"
2023-02-26,0,-420,-5.2,-0.5,0.3,430,0.8,5.2,0.9,1290,1720,11.4,16.6,1420,6.3,13.3,6.9,0,49,"1","Squalius cephalus"
2023-03-12,0,40,-1,1,1.1,330,1,1.2,1.1,1340,1670,8.2,9.4,1508,6.6,8.9,7.6,16,65,"1","Squalius cephalus"
2023-03-19,0,50,-0.2,2.2,NA,80,2.2,0.3,NA,1390,1470,7.8,8.1,1420,8.7,8,10.8,7,72,"1","Squalius cephalus"
2023-03-26,0,690,5.2,-0.700000000000001,-0.0999999999999996,800,0.700000000000001,7.2,2.5,1470,2270,7.9,15.1,1697,9.4,10.7,9,3,75,"1","Squalius cephalus"
2023-06-11,0,-240,-3.8,1.6,1.6,240,1.6,3.8,1.6,1500,1740,10,13.8,1621,17.8,11.2,17,0,147,"1","Squalius cephalus"
2023-06-25,0,-330,2.9,0.800000000000001,1.5,380,0.800000000000001,3.9,1.8,1210,1590,7.8,11.7,1320,19.8,8.8,19.2,0,147,"1","Squalius cephalus"
2023-07-02,0,-340,-2.3,0.399999999999999,1.1,350,0.699999999999999,2.3,1.1,1250,1600,7.1,9.4,1352,19.8,8.1,20.2,0,147,"1","Squalius cephalus"
2023-07-16,0,120,-0.899999999999999,-0.399999999999999,-2.6,180,0.899999999999999,0.899999999999999,2.7,1180,1360,5.9,6.8,1254,22,6.4,21.4,0,147,"1","Squalius cephalus"
2023-11-12,0,2090,5,-0.5,-1.8,2290,0.5,6.9,2.7,1140,3430,7.7,14.6,2537,8.8,10.3,10.9,0,251,"1","Squalius cephalus"
2023-11-19,0,-660,8.5,-0.5,-2.8,1810,0.6,9.5,2.9,2600,4410,8.3,17.8,3285,8.3,13.1,9.2,0,251,"1","Squalius cephalus"
2023-11-26,0,-90,-3.9,-2.4,-0.899999999999999,230,2.4,6.6,1.9,2180,2410,8.9,15.5,2311,6.3,11.6,7.7,2,253,"1","Squalius cephalus"
2023-12-10,0,1860,14.1,2.9,-0.0999999999999996,2800,2.9,21.3,1.5,2140,4940,12.8,34.1,3994,5,25.2,7.2,0,253,"1","Squalius cephalus"
2023-12-24,0,-3450,-98.8,0.7,0.4,3450,1,98.8,1.4,2870,6320,25.2,124,4411,6.8,57.2,7.7,0,253,"1","Squalius cephalus"
2024-01-07,0,-1050,-8.2,-2.8,-1.6,1050,2.8,8.2,3,2030,3080,14.4,22.6,2512,4.6,17.5,4.5,0,253,"1","Squalius cephalus"
2024-01-14,0,330,0.9,-0.1,0.2,460,0.3,3.8,1.1,1740,2200,13,16.8,1895,2.7,14.2,4.7,0,253,"1","Squalius cephalus"
2024-01-21,0,1430,5.1,1.8,2.5,1650,1.8,8.4,2.8,1760,3410,13.2,21.6,2417,3.4,17.1,5.7,0,253,"1","Squalius cephalus"
2024-01-28,0,-1010,-3.7,0.100000000000001,0.800000000000001,1010,0.2,3.7,1.6,2140,3150,13,16.7,2442,4.8,14.3,6,0,253,"1","Squalius cephalus"
2024-02-18,0,350,1.5,0.4,-1.2,350,0.5,1.6,1.2,1950,2300,11.4,13,2075,7.9,11.8,8.4,0,253,"1","Squalius cephalus"
2024-06-23,0,-530,-1.3,0.899999999999999,1.8,620,1.2,1.3,NA,2520,3140,9.9,11.2,2735,18.5,10.5,16.7,0,318,"1","Squalius cephalus"
2024-11-17,0,250,0,NA,-1.1,300,NA,0.799999999999999,3,1070,1370,8.3,9.1,1217,NA,8.6,6.7,21,434,"1","Squalius cephalus"
2024-11-24,0,190,3.8,NA,1,270,NA,3.9,1.1,1140,1410,8,11.9,1255,NA,8.8,6.5,0,434,"1","Squalius cephalus"
2024-12-01,0,370,2.9,NA,0.2,510,NA,4,1.6,1200,1710,8.9,12.9,1367,5.9,9.8,6.1,0,434,"1","Squalius cephalus"
2024-12-08,0,-310,-2.8,-0.5,-1.2,390,0.5,2.8,1.2,1470,1860,10.3,13.1,1668,5.6,11.5,6,0,434,"1","Squalius cephalus"
2024-12-22,0,-50,-3.7,-0.8,-2.2,500,0.8,3.7,2.2,1320,1820,9.7,13.4,1528,5.3,11.2,4.9,0,434,"1","Squalius cephalus"
2025-01-05,0,850,0.0999999999999996,0,-0.0999999999999996,850,0.2,0.6,2.1,1190,2040,8.4,9,1661,3.3,8.8,4.8,0,434,"1","Squalius cephalus"
2025-01-19,0,-160,0.2,0.2,0.9,170,0.6,0.4,1.2,1120,1290,7.5,7.9,1240,3.1,7.7,4.4,0,434,"1","Squalius cephalus"
2025-01-26,0,430,0.600000000000001,0.7,-0.0999999999999996,690,0.7,4.3,1.3,1100,1790,8.2,12.5,1402,4,9.8,5.3,0,434,"1","Squalius cephalus"
2025-02-02,0,-180,-1.1,-0.3,-0.300000000000001,180,0.3,1.1,1.4,1230,1410,7.5,8.6,1317,4.5,7.9,4.4,0,434,"1","Squalius cephalus"
2025-02-09,0,220,-0.3,0.2,0.3,290,0.300000000000001,0.3,1.3,1100,1390,7,7.3,1198,4.2,7.2,4.8,0,434,"1","Squalius cephalus"
2025-02-16,0,-250,-0.4,-0.2,0.5,250,0.5,0.4,2,1070,1320,6.5,6.9,1175,4,6.7,3.6,0,434,"1","Squalius cephalus"
2025-03-02,0,-60,-0.3,1.9,0.7,60,1.9,0.399999999999999,1.7,1020,1080,5.9,6.3,1045,6.8,6.1,6.6,0,434,"1","Squalius cephalus"
2025-03-09,0,140,2.9,0.100000000000001,-1.3,226,0.399999999999999,2.9,2,924,1150,5.9,8.8,1009,8,6.6,7.9,0,434,"1","Squalius cephalus"
2025-03-16,0,-163,-1.8,0.5,2.2,163,0.9,1.8,3.2,947,1110,7.4,9.2,999,7.9,7.9,6.5,0,434,"1","Squalius cephalus"
2025-03-23,0,181,9,0.9,-0.399999999999999,181,0.9,9.7,1.7,959,1140,6.6,16.3,1028,9.3,8.3,9.2,0,434,"1","Squalius cephalus"
2025-06-01,0,210,-3.7,2.4,1.4,760,2.4,5.4,1.7,1510,2270,10.4,15.8,1844,17.2,13.1,15.5,0,434,"1","Squalius cephalus"
2025-06-08,0,-400,-2.9,0.199999999999999,1.8,620,0.800000000000001,4.5,2.3,1330,1950,9.1,13.6,1598,17.4,10.9,15.2,0,434,"1","Squalius cephalus"
2025-06-15,0,-130,-1.1,2.2,0.5,470,2.2,1.1,2.7,1140,1610,7.7,8.8,1348,19.4,8.3,16.8,0,434,"1","Squalius cephalus"
2025-06-22,0,160,-0.0999999999999996,1.5,1.5,200,1.5,1.9,2,1050,1250,7.5,9.4,1111,21.3,7.9,18.4,0,434,"1","Squalius cephalus"
2025-06-29,0,150,1.5,0.600000000000001,-1.8,190,0.900000000000002,5,2.3,1020,1210,6.7,11.7,1097,23,7.9,18.9,0,434,"1","Squalius cephalus"
2025-07-06,0,560,3.4,-5,-4,1260,5,10.1,5.5,1070,2330,7.7,17.8,1661,20.9,12,15.5,0,434,"1","Squalius cephalus"
2025-07-13,0,230,3.4,0.899999999999999,0.0999999999999996,850,1.1,4.2,3.2,1270,2120,9.8,14,1558,18.6,11.5,16.2,0,434,"1","Squalius cephalus"
2025-07-20,0,420,2.8,NA,-1.3,430,NA,5.1,1.5,1480,1910,9.6,14.7,1644,NA,11.4,16.8,0,434,"1","Squalius cephalus"
2023-01-29,2,1620,28.8,0,0.2,1670,0.2,28.8,1.2,1000,2670,5.4,34.2,1354,3.8,13.1,4.9,0,149,"2","Squalius cephalus"
2023-02-05,3,-1110,-12.1,-0.8,0.5,1110,0.9,12.1,0.8,1180,2290,7.9,20,1571,3.2,11.7,5,0,149,"2","Squalius cephalus"
2023-02-12,3,240,17.1,1.1,2.2,270,1.1,17.1,2.3,1090,1360,8,25.1,1165,3.7,11.1,6.3,0,149,"2","Squalius cephalus"
2023-02-19,8,-340,-14.4,1.9,-0.5,580,1.9,24.2,1.1,1520,2100,16.5,40.7,1768,6.5,25.1,8.4,0,149,"2","Squalius cephalus"
2023-02-26,2,-420,-5.2,-0.5,0.3,430,0.8,5.2,0.9,1290,1720,11.4,16.6,1420,6.3,13.3,6.9,0,149,"2","Squalius cephalus"
2023-03-05,1,290,-1.3,0.100000000000001,0.3,300,0.8,1.3,1.9,1150,1450,9.6,10.9,1224,6.3,10.1,7.5,0,149,"2","Squalius cephalus"
2023-03-12,3,40,-1,1,1.1,330,1,1.2,1.1,1340,1670,8.2,9.4,1508,6.6,8.9,7.6,20,169,"2","Squalius cephalus"
2023-03-19,16,50,-0.2,2.2,NA,80,2.2,0.3,NA,1390,1470,7.8,8.1,1420,8.7,8,10.8,12,181,"2","Squalius cephalus"
2023-03-26,12,690,5.2,-0.700000000000001,-0.0999999999999996,800,0.700000000000001,7.2,2.5,1470,2270,7.9,15.1,1697,9.4,10.7,9,1,182,"2","Squalius cephalus"
2023-06-04,12,-160,-0.300000000000001,0,0.300000000000001,260,0.200000000000003,1,0.399999999999999,1780,2040,12.3,13.3,1917,17,12.7,16.7,0,354,"2","Squalius cephalus"
2023-06-11,14,-240,-3.8,1.6,1.6,240,1.6,3.8,1.6,1500,1740,10,13.8,1621,17.8,11.2,17,0,354,"2","Squalius cephalus"
2023-06-18,15,270,-0.100000000000001,1,-0.900000000000002,340,1.6,0.800000000000001,3.8,1300,1640,9,9.8,1465,19.4,9.3,19.7,0,354,"2","Squalius cephalus"
2023-06-25,15,-330,2.9,0.800000000000001,1.5,380,0.800000000000001,3.9,1.8,1210,1590,7.8,11.7,1320,19.8,8.8,19.2,0,354,"2","Squalius cephalus"
2023-07-02,9,-340,-2.3,0.399999999999999,1.1,350,0.699999999999999,2.3,1.1,1250,1600,7.1,9.4,1352,19.8,8.1,20.2,0,354,"2","Squalius cephalus"
2023-07-09,6,280,-0.2,1.2,0,500,1.2,1,1.2,1140,1640,6.8,7.8,1287,21,7.1,21.5,1,355,"2","Squalius cephalus"
2023-07-16,6,120,-0.899999999999999,-0.399999999999999,-2.6,180,0.899999999999999,0.899999999999999,2.7,1180,1360,5.9,6.8,1254,22,6.4,21.4,0,355,"2","Squalius cephalus"
2023-07-23,3,240,-0.2,-1.8,-0.199999999999999,630,2.2,0.7,2.9,1080,1710,5.7,6.4,1392,21.1,6.1,19.7,19,374,"2","Squalius cephalus"
2023-07-30,17,730,5.4,-1.2,NA,790,1.2,5.6,NA,1450,2240,5.4,11,1694,19.1,6.9,19.9,4,378,"2","Squalius cephalus"
2023-08-06,31,-1990,-13.8,-1.3,NA,1990,2.7,13.8,NA,2080,4070,7.9,21.7,2972,16,12.6,NA,15,393,"2","Squalius cephalus"
2023-08-13,3,-230,0.7,3.5,NA,230,3.5,2.2,NA,1580,1810,6.3,8.5,1677,18.8,7.4,22.1,0,393,"2","Squalius cephalus"
2023-08-27,34,1150,-1.7,-5.4,-1,3530,5.8,2.2,3.3,1540,5070,5.7,7.9,3344,18.8,6.8,18.9,0,393,"2","Squalius cephalus"
2023-09-03,9,-800,-1,1.4,NA,800,1.5,1,NA,1400,2200,4.7,5.7,1711,17.4,5.2,18.8,0,393,"2","Squalius cephalus"
2023-09-10,2,10,0.8,0.600000000000001,-0.899999999999999,260,0.800000000000001,3.4,1.2,1270,1530,4.7,8.1,1358,19,5.6,19.5,24,417,"2","Squalius cephalus"
2023-09-17,3,0,-0.4,-0.400000000000002,-1.3,110,0.600000000000001,0.8,1.7,1120,1230,4.8,5.6,1184,19.1,5.2,18.8,0,417,"2","Squalius cephalus"
2023-09-24,5,-370,0.0999999999999996,-1,1.3,370,1,0.4,1.9,1020,1390,4.1,4.5,1164,17.6,4.3,17.7,0,417,"2","Squalius cephalus"
2023-10-01,6,-53,-0.399999999999999,-1,-1.8,53,1,0.5,1.8,894,947,4.2,4.7,925,16.6,4.5,17,0,417,"2","Squalius cephalus"
2023-10-08,4,37,-0.3,-0.0999999999999996,1.2,81,0.5,0.8,2.1,857,938,3.9,4.7,896,15.8,4.2,16.1,0,417,"2","Squalius cephalus"
2023-10-15,2,72,-0.4,-1.9,-0.4,89,2.1,0.4,2.7,816,905,3.8,4.2,856,14.1,4,13.7,0,417,"2","Squalius cephalus"
2023-10-22,24,171,1.5,-1.4,-1.5,278,1.4,2.2,1.5,842,1120,3.8,6,940,13.1,4.5,14.1,292,709,"2","Squalius cephalus"
2023-10-29,19,1040,5,-1,-0.9,1133,1,5,1.1,957,2090,4.4,9.4,1327,12,6.2,12.6,0,709,"2","Squalius cephalus"
2023-11-05,18,-470,-2.7,-1.6,-0.800000000000001,470,1.6,3.7,1.3,1180,1650,5.1,8.8,1381,10.1,7,11.8,31,740,"2","Squalius cephalus"
2023-11-12,50,2090,5,-0.5,-1.8,2290,0.5,6.9,2.7,1140,3430,7.7,14.6,2537,8.8,10.3,10.9,0,740,"2","Squalius cephalus"
2023-11-19,40,-660,8.5,-0.5,-2.8,1810,0.6,9.5,2.9,2600,4410,8.3,17.8,3285,8.3,13.1,9.2,0,740,"2","Squalius cephalus"
2023-11-26,10,-90,-3.9,-2.4,-0.899999999999999,230,2.4,6.6,1.9,2180,2410,8.9,15.5,2311,6.3,11.6,7.7,2,742,"2","Squalius cephalus"
2023-12-03,6,-340,-1.2,-1,0.6,360,1,1.4,2,1950,2310,10,11.4,2068,3.8,10.6,6.2,0,742,"2","Squalius cephalus"
2023-12-10,17,1860,14.1,2.9,-0.0999999999999996,2800,2.9,21.3,1.5,2140,4940,12.8,34.1,3994,5,25.2,7.2,0,742,"2","Squalius cephalus"
2023-12-17,18,1850,89.3,-0.800000000000001,-0.9,2730,0.800000000000001,96.7,1.2,2550,5280,13.3,110,3255,6,30.7,6.5,0,742,"2","Squalius cephalus"
2023-12-24,29,-3450,-98.8,0.7,0.4,3450,1,98.8,1.4,2870,6320,25.2,124,4411,6.8,57.2,7.7,0,742,"2","Squalius cephalus"
2023-12-31,9,110,-4.2,-0.5,-0.0999999999999996,410,0.6,4.3,0.9,2340,2750,18.7,23,2608,6.3,20.3,7,0,742,"2","Squalius cephalus"
2024-01-07,6,-1050,-8.2,-2.8,-1.6,1050,2.8,8.2,3,2030,3080,14.4,22.6,2512,4.6,17.5,4.5,0,742,"2","Squalius cephalus"
2024-01-14,3,330,0.9,-0.1,0.2,460,0.3,3.8,1.1,1740,2200,13,16.8,1895,2.7,14.2,4.7,0,742,"2","Squalius cephalus"
2024-01-21,12,1430,5.1,1.8,2.5,1650,1.8,8.4,2.8,1760,3410,13.2,21.6,2417,3.4,17.1,5.7,0,742,"2","Squalius cephalus"
2024-01-28,5,-1010,-3.7,0.100000000000001,0.800000000000001,1010,0.2,3.7,1.6,2140,3150,13,16.7,2442,4.8,14.3,6,0,742,"2","Squalius cephalus"
2024-02-04,4,100,-1.4,1.7,0.800000000000001,180,1.7,4.3,1.1,1980,2160,13,17.3,2077,6.2,14.6,8,0,742,"2","Squalius cephalus"
2024-02-11,2,-370,-1.6,0.4,0,410,0.4,1.8,0.9,1810,2220,10.9,12.7,2047,7.3,11.6,8.1,0,742,"2","Squalius cephalus"
2024-02-18,5,350,1.5,0.4,-1.2,350,0.5,1.6,1.2,1950,2300,11.4,13,2075,7.9,11.8,8.4,0,742,"2","Squalius cephalus"
2024-02-25,13,-590,-2,0,1.9,590,0.2,2,2,1770,2360,10.9,12.9,1992,7.8,11.8,8.3,225,967,"2","Squalius cephalus"
2024-03-03,14,-100,-1,0,-0.700000000000001,140,0.2,1,1.2,1560,1700,9.5,10.5,1607,7.9,9.9,9,16,983,"2","Squalius cephalus"
2024-03-10,50,10,10.3,1,0.699999999999999,300,1,64.9,1.9,1420,1720,9.3,74.2,1541,8.6,30.4,9.1,3,986,"2","Squalius cephalus"
2024-03-17,10,270,-6.9,1.2,0.9,380,1.2,6.9,2,1540,1920,13.1,20,1747,9.8,15.8,9.9,8,994,"2","Squalius cephalus"
2024-03-24,6,-70,-2,-0.100000000000001,2.1,90,0.5,2,2.5,1660,1750,11.2,13.2,1712,10.1,12.3,9.2,11,1005,"2","Squalius cephalus"
2024-03-31,14,0,-0.4,1.5,1.7,210,1.5,1.6,3,1710,1920,10.5,12.1,1768,10.9,11.2,11,16,1021,"2","Squalius cephalus"
2024-06-02,77,60,2.1,1.7,1.9,1510,2.7,50,2.6,4970,6480,14.3,64.3,5534,15.1,26.8,13.2,45,1129,"2","Squalius cephalus"
2024-06-09,105,-2070,-9.4,-2.1,-0.9,2070,2.4,17.7,2.6,3020,5090,15.9,33.6,4292,16,24,12.7,0,1129,"2","Squalius cephalus"
2024-06-16,107,350,-4.2,3,2.7,390,3,4.6,3,2700,3090,11.5,16.1,2822,16.9,13.1,15.8,0,1129,"2","Squalius cephalus"
2024-06-23,80,-530,-1.3,0.899999999999999,1.8,620,1.2,1.3,NA,2520,3140,9.9,11.2,2735,18.5,10.5,16.7,0,1129,"2","Squalius cephalus"
2024-06-30,66,-370,-1,-1.5,-1.3,570,1.7,1,3.5,2180,2750,8.6,9.6,2510,18.9,9.3,16.5,107,1236,"2","Squalius cephalus"
2024-07-07,53,800,0.699999999999999,1.3,1.1,800,1.3,1.3,3.4,2190,2990,7.9,9.2,2428,18.9,8.4,17.5,14,1250,"2","Squalius cephalus"
2024-07-14,68,-840,-1.2,0.699999999999999,0.599999999999998,860,0.699999999999999,1.5,1.6,2110,2970,7.3,8.8,2360,20,7.9,18.4,2,1252,"2","Squalius cephalus"
2024-07-21,38,-170,-0.100000000000001,0.199999999999999,0.599999999999998,360,0.399999999999999,1.9,0.800000000000001,1910,2270,7.1,9,2088,20.2,8,17.7,0,1252,"2","Squalius cephalus"
2024-07-28,16,20,-0.7,0.800000000000001,-0.800000000000001,250,1,0.7,1,1560,1810,6.3,7,1684,20.9,6.6,18,14,1266,"2","Squalius cephalus"
2024-08-04,8,-340,-1,0.199999999999999,1.3,340,0.199999999999999,1.2,1.8,1470,1810,5.8,7,1634,21.1,6.3,17.9,1,1267,"2","Squalius cephalus"
2024-08-11,12,60,0.5,1.4,0.5,210,1.4,0.5,0.699999999999999,1290,1500,5.6,6.1,1404,22.2,5.8,19.4,19,1286,"2","Squalius cephalus"
2024-08-18,54,50,-2.3,-2.4,-1,920,2.7,2.3,2.4,1530,2450,5.2,7.5,1930,21.6,6,17.9,0,1286,"2","Squalius cephalus"
2024-08-25,22,-170,0.100000000000001,0.0999999999999979,0,230,0.599999999999998,0.5,0.5,1340,1570,5,5.5,1458,20.4,5.2,18.7,0,1286,"2","Squalius cephalus"
2024-09-01,18,0,-0.5,0.0999999999999979,-2,70,0.399999999999999,0.5,2,1190,1260,4.5,5,1241,20.8,4.8,17.6,0,1286,"2","Squalius cephalus"
2024-09-08,58,3770,126.5,-5.6,-7.1,3770,5.7,126.5,7.1,1140,4910,4.5,131,2137,19.3,26.6,14.5,0,1286,"2","Squalius cephalus"
2024-09-15,65,-5520,-452.5,1.4,1.8,5520,2.3,452.5,1.8,3940,9460,35.5,488,7242,12.8,163.8,11.7,0,1286,"2","Squalius cephalus"
2024-09-22,83,-340,-10.8,0.4,-0.5,700,0.5,10.8,0.799999999999999,2830,3530,19.5,30.3,3130,14.2,23.9,12.4,0,1286,"2","Squalius cephalus"
2024-09-29,42,-60,7.4,-1.8,-0.600000000000001,690,1.8,10.4,0.800000000000001,2510,3200,15.6,26,2860,13.1,19.2,10.9,0,1286,"2","Squalius cephalus"
2024-10-06,47,110,-5,NA,-0.199999999999999,980,NA,5.2,1.8,2490,3470,16.8,22,2952,12.3,18.5,11.5,0,1286,"2","Squalius cephalus"
2024-10-13,36,-550,-2.5,NA,1.1,550,NA,2.9,1.4,2150,2700,13.8,16.7,2470,NA,15.4,11.1,1,1287,"2","Squalius cephalus"
2024-10-20,26,-350,-1.5,NA,0.199999999999999,350,NA,1.5,0.700000000000001,1760,2110,11.7,13.2,1890,NA,12.5,11.1,139,1426,"2","Squalius cephalus"
2024-10-27,8,-390,-1.1,NA,-1.6,390,NA,1.1,1.6,1290,1680,10.4,11.5,1477,NA,10.9,11,0,1426,"2","Squalius cephalus"
2024-11-03,5,-40,-0.899999999999999,NA,-1.7,70,NA,0.899999999999999,1.7,1240,1310,9.3,10.2,1277,NA,9.8,8.4,9,1435,"2","Squalius cephalus"
2024-11-10,3,-80,-0.699999999999999,NA,-0.3,80,NA,0.699999999999999,0.6,1110,1190,8.4,9.1,1161,NA,8.7,7.4,8,1443,"2","Squalius cephalus"
2024-11-17,2,250,0,NA,-1.1,300,NA,0.799999999999999,3,1070,1370,8.3,9.1,1217,NA,8.6,6.7,8,1451,"2","Squalius cephalus"
2024-11-24,3,190,3.8,NA,1,270,NA,3.9,1.1,1140,1410,8,11.9,1255,NA,8.8,6.5,7,1458,"2","Squalius cephalus"
2024-12-01,1,370,2.9,NA,0.2,510,NA,4,1.6,1200,1710,8.9,12.9,1367,5.9,9.8,6.1,0,1458,"2","Squalius cephalus"
2024-12-15,2,130,4.3,0.3,-0.100000000000001,210,0.5,5.6,1.9,1270,1480,10.4,16,1394,5.7,13.8,6.5,0,1458,"2","Squalius cephalus"
2024-12-22,1,-50,-3.7,-0.8,-2.2,500,0.8,3.7,2.2,1320,1820,9.7,13.4,1528,5.3,11.2,4.9,0,1458,"2","Squalius cephalus"
2024-12-29,5,-100,-0.9,-1,0.2,170,1,0.9,1.2,1130,1300,8.4,9.3,1208,3.9,8.9,3.8,0,1458,"2","Squalius cephalus"
2025-01-05,10,850,0.0999999999999996,0,-0.0999999999999996,850,0.2,0.6,2.1,1190,2040,8.4,9,1661,3.3,8.8,4.8,0,1458,"2","Squalius cephalus"
2025-01-12,9,-570,-0.699999999999999,0.1,1.8,570,0.4,0.699999999999999,2,1360,1930,7.5,8.2,1570,3.5,7.8,3.9,0,1458,"2","Squalius cephalus"
2025-01-19,3,-160,0.2,0.2,0.9,170,0.6,0.4,1.2,1120,1290,7.5,7.9,1240,3.1,7.7,4.4,0,1458,"2","Squalius cephalus"
2025-01-26,14,430,0.600000000000001,0.7,-0.0999999999999996,690,0.7,4.3,1.3,1100,1790,8.2,12.5,1402,4,9.8,5.3,0,1458,"2","Squalius cephalus"
2025-02-02,2,-180,-1.1,-0.3,-0.300000000000001,180,0.3,1.1,1.4,1230,1410,7.5,8.6,1317,4.5,7.9,4.4,0,1458,"2","Squalius cephalus"
2025-02-16,1,-250,-0.4,-0.2,0.5,250,0.5,0.4,2,1070,1320,6.5,6.9,1175,4,6.7,3.6,0,1458,"2","Squalius cephalus"
2025-02-23,5,130,-0.0999999999999996,1.3,2.2,150,1.3,0.3,2.4,1030,1180,6.4,6.7,1108,4.8,6.6,6.2,0,1458,"2","Squalius cephalus"
2025-03-02,2,-60,-0.3,1.9,0.7,60,1.9,0.399999999999999,1.7,1020,1080,5.9,6.3,1045,6.8,6.1,6.6,0,1458,"2","Squalius cephalus"
2025-03-09,9,140,2.9,0.100000000000001,-1.3,226,0.399999999999999,2.9,2,924,1150,5.9,8.8,1009,8,6.6,7.9,0,1458,"2","Squalius cephalus"
2025-03-16,2,-163,-1.8,0.5,2.2,163,0.9,1.8,3.2,947,1110,7.4,9.2,999,7.9,7.9,6.5,0,1458,"2","Squalius cephalus"
2025-03-23,19,181,9,0.9,-0.399999999999999,181,0.9,9.7,1.7,959,1140,6.6,16.3,1028,9.3,8.3,9.2,29,1487,"2","Squalius cephalus"
2025-03-30,64,-660,-48.8,1,1.1,660,1.1,48.8,1.9,1480,2140,19.7,68.5,1764,9.8,37.7,8.2,0,1487,"2","Squalius cephalus"
2025-06-01,57,210,-3.7,2.4,1.4,760,2.4,5.4,1.7,1510,2270,10.4,15.8,1844,17.2,13.1,15.5,0,1487,"2","Squalius cephalus"
2025-06-08,39,-400,-2.9,0.199999999999999,1.8,620,0.800000000000001,4.5,2.3,1330,1950,9.1,13.6,1598,17.4,10.9,15.2,0,1487,"2","Squalius cephalus"
2025-06-15,34,-130,-1.1,2.2,0.5,470,2.2,1.1,2.7,1140,1610,7.7,8.8,1348,19.4,8.3,16.8,0,1487,"2","Squalius cephalus"
2025-06-22,23,160,-0.0999999999999996,1.5,1.5,200,1.5,1.9,2,1050,1250,7.5,9.4,1111,21.3,7.9,18.4,0,1487,"2","Squalius cephalus"
2025-06-29,27,150,1.5,0.600000000000001,-1.8,190,0.900000000000002,5,2.3,1020,1210,6.7,11.7,1097,23,7.9,18.9,0,1487,"2","Squalius cephalus"
2025-07-06,54,560,3.4,-5,-4,1260,5,10.1,5.5,1070,2330,7.7,17.8,1661,20.9,12,15.5,0,1487,"2","Squalius cephalus"
2025-07-13,28,230,3.4,0.899999999999999,0.0999999999999996,850,1.1,4.2,3.2,1270,2120,9.8,14,1558,18.6,11.5,16.2,0,1487,"2","Squalius cephalus"
2025-07-20,17,420,2.8,NA,-1.3,430,NA,5.1,1.5,1480,1910,9.6,14.7,1644,NA,11.4,16.8,0,1487,"2","Squalius cephalus"
2025-07-27,88,-780,-11.8,NA,0.4,1880,NA,11.8,1.3,2330,4210,13.1,24.9,3274,16.9,19.1,14.5,0,1487,"2","Squalius cephalus"
2025-08-03,54,150,-1,-0.100000000000001,-0.5,150,0.100000000000001,1,0.5,2650,2800,11.7,12.7,2725,16.6,12.2,14.8,0,1487,"2","Squalius cephalus"
2023-01-01,0,-40,-0.6,0.9,1.6,150,0.9,0.699999999999999,1.6,1280,1430,5.9,6.6,1360,6,6.1,7.8,0,149,"2","Squalius cephalus"
2023-01-08,0,60,1.1,-0.0999999999999996,-0.0999999999999996,180,0.2,1.6,0.8,1270,1450,5.7,7.3,1347,6.6,6.7,7.4,0,149,"2","Squalius cephalus"
2023-01-15,0,-40,-0.899999999999999,-1.4,-2,90,1.4,1.7,2,1250,1340,5.9,7.6,1292,5.8,6.7,6.3,0,149,"2","Squalius cephalus"
2023-01-22,0,-30,-0.2,-0.8,-0.3,100,0.8,0.2,1.1,1100,1200,5.6,5.8,1151,4.5,5.7,5.3,0,149,"2","Squalius cephalus"
2023-08-20,0,-190,-0.2,1.4,NA,190,1.4,0.3,NA,1260,1450,7.8,8.1,1324,21.9,7.9,NA,0,393,"2","Squalius cephalus"
2024-12-08,0,-310,-2.8,-0.5,-1.2,390,0.5,2.8,1.2,1470,1860,10.3,13.1,1668,5.6,11.5,6,0,1458,"2","Squalius cephalus"
2025-02-09,0,220,-0.3,0.2,0.3,290,0.300000000000001,0.3,1.3,1100,1390,7,7.3,1198,4.2,7.2,4.8,0,1458,"2","Squalius cephalus"
2023-02-19,1,-340,-14.4,1.9,-0.5,580,1.9,24.2,1.1,1520,2100,16.5,40.7,1768,6.5,25.1,8.4,0,81,"0","Vimba vimba"
2023-03-19,6,50,-0.2,2.2,NA,80,2.2,0.3,NA,1390,1470,7.8,8.1,1420,8.7,8,10.8,1,83,"0","Vimba vimba"
2023-03-26,1,690,5.2,-0.700000000000001,-0.0999999999999996,800,0.700000000000001,7.2,2.5,1470,2270,7.9,15.1,1697,9.4,10.7,9,0,83,"0","Vimba vimba"
2023-06-04,3,-160,-0.300000000000001,0,0.300000000000001,260,0.200000000000003,1,0.399999999999999,1780,2040,12.3,13.3,1917,17,12.7,16.7,0,196,"0","Vimba vimba"
2023-06-11,3,-240,-3.8,1.6,1.6,240,1.6,3.8,1.6,1500,1740,10,13.8,1621,17.8,11.2,17,0,196,"0","Vimba vimba"
2023-06-18,3,270,-0.100000000000001,1,-0.900000000000002,340,1.6,0.800000000000001,3.8,1300,1640,9,9.8,1465,19.4,9.3,19.7,0,196,"0","Vimba vimba"
2023-06-25,1,-330,2.9,0.800000000000001,1.5,380,0.800000000000001,3.9,1.8,1210,1590,7.8,11.7,1320,19.8,8.8,19.2,0,196,"0","Vimba vimba"
2023-07-02,1,-340,-2.3,0.399999999999999,1.1,350,0.699999999999999,2.3,1.1,1250,1600,7.1,9.4,1352,19.8,8.1,20.2,0,196,"0","Vimba vimba"
2023-07-30,3,730,5.4,-1.2,NA,790,1.2,5.6,NA,1450,2240,5.4,11,1694,19.1,6.9,19.9,9,212,"0","Vimba vimba"
2023-08-06,6,-1990,-13.8,-1.3,NA,1990,2.7,13.8,NA,2080,4070,7.9,21.7,2972,16,12.6,NA,37,249,"0","Vimba vimba"
2023-08-13,3,-230,0.7,3.5,NA,230,3.5,2.2,NA,1580,1810,6.3,8.5,1677,18.8,7.4,22.1,0,249,"0","Vimba vimba"
2023-08-20,1,-190,-0.2,1.4,NA,190,1.4,0.3,NA,1260,1450,7.8,8.1,1324,21.9,7.9,NA,0,249,"0","Vimba vimba"
2023-08-27,10,1150,-1.7,-5.4,-1,3530,5.8,2.2,3.3,1540,5070,5.7,7.9,3344,18.8,6.8,18.9,0,249,"0","Vimba vimba"
2023-09-03,4,-800,-1,1.4,NA,800,1.5,1,NA,1400,2200,4.7,5.7,1711,17.4,5.2,18.8,0,249,"0","Vimba vimba"
2023-09-10,1,10,0.8,0.600000000000001,-0.899999999999999,260,0.800000000000001,3.4,1.2,1270,1530,4.7,8.1,1358,19,5.6,19.5,19,268,"0","Vimba vimba"
2023-09-17,1,0,-0.4,-0.400000000000002,-1.3,110,0.600000000000001,0.8,1.7,1120,1230,4.8,5.6,1184,19.1,5.2,18.8,0,268,"0","Vimba vimba"
2023-10-22,4,171,1.5,-1.4,-1.5,278,1.4,2.2,1.5,842,1120,3.8,6,940,13.1,4.5,14.1,5,274,"0","Vimba vimba"
2023-11-12,1,2090,5,-0.5,-1.8,2290,0.5,6.9,2.7,1140,3430,7.7,14.6,2537,8.8,10.3,10.9,0,299,"0","Vimba vimba"
2023-11-19,1,-660,8.5,-0.5,-2.8,1810,0.6,9.5,2.9,2600,4410,8.3,17.8,3285,8.3,13.1,9.2,0,299,"0","Vimba vimba"
2023-12-24,1,-3450,-98.8,0.7,0.4,3450,1,98.8,1.4,2870,6320,25.2,124,4411,6.8,57.2,7.7,0,300,"0","Vimba vimba"
2024-03-10,2,10,10.3,1,0.699999999999999,300,1,64.9,1.9,1420,1720,9.3,74.2,1541,8.6,30.4,9.1,0,305,"0","Vimba vimba"
2024-03-17,3,270,-6.9,1.2,0.9,380,1.2,6.9,2,1540,1920,13.1,20,1747,9.8,15.8,9.9,5,310,"0","Vimba vimba"
2024-03-24,4,-70,-2,-0.100000000000001,2.1,90,0.5,2,2.5,1660,1750,11.2,13.2,1712,10.1,12.3,9.2,18,328,"0","Vimba vimba"
2024-03-31,21,0,-0.4,1.5,1.7,210,1.5,1.6,3,1710,1920,10.5,12.1,1768,10.9,11.2,11,3,331,"0","Vimba vimba"
2024-06-02,4,60,2.1,1.7,1.9,1510,2.7,50,2.6,4970,6480,14.3,64.3,5534,15.1,26.8,13.2,22,368,"0","Vimba vimba"
2024-06-09,11,-2070,-9.4,-2.1,-0.9,2070,2.4,17.7,2.6,3020,5090,15.9,33.6,4292,16,24,12.7,0,368,"0","Vimba vimba"
2024-06-16,4,350,-4.2,3,2.7,390,3,4.6,3,2700,3090,11.5,16.1,2822,16.9,13.1,15.8,0,368,"0","Vimba vimba"
2024-06-23,3,-530,-1.3,0.899999999999999,1.8,620,1.2,1.3,NA,2520,3140,9.9,11.2,2735,18.5,10.5,16.7,0,368,"0","Vimba vimba"
2024-06-30,6,-370,-1,-1.5,-1.3,570,1.7,1,3.5,2180,2750,8.6,9.6,2510,18.9,9.3,16.5,26,394,"0","Vimba vimba"
2024-07-07,7,800,0.699999999999999,1.3,1.1,800,1.3,1.3,3.4,2190,2990,7.9,9.2,2428,18.9,8.4,17.5,6,400,"0","Vimba vimba"
2024-07-14,3,-840,-1.2,0.699999999999999,0.599999999999998,860,0.699999999999999,1.5,1.6,2110,2970,7.3,8.8,2360,20,7.9,18.4,4,404,"0","Vimba vimba"
2024-07-21,2,-170,-0.100000000000001,0.199999999999999,0.599999999999998,360,0.399999999999999,1.9,0.800000000000001,1910,2270,7.1,9,2088,20.2,8,17.7,0,404,"0","Vimba vimba"
2024-09-08,10,3770,126.5,-5.6,-7.1,3770,5.7,126.5,7.1,1140,4910,4.5,131,2137,19.3,26.6,14.5,0,428,"0","Vimba vimba"
2024-09-15,9,-5520,-452.5,1.4,1.8,5520,2.3,452.5,1.8,3940,9460,35.5,488,7242,12.8,163.8,11.7,0,428,"0","Vimba vimba"
2024-09-22,7,-340,-10.8,0.4,-0.5,700,0.5,10.8,0.799999999999999,2830,3530,19.5,30.3,3130,14.2,23.9,12.4,0,428,"0","Vimba vimba"
2024-09-29,6,-60,7.4,-1.8,-0.600000000000001,690,1.8,10.4,0.800000000000001,2510,3200,15.6,26,2860,13.1,19.2,10.9,0,428,"0","Vimba vimba"
2024-10-06,13,110,-5,NA,-0.199999999999999,980,NA,5.2,1.8,2490,3470,16.8,22,2952,12.3,18.5,11.5,0,428,"0","Vimba vimba"
2024-10-13,2,-550,-2.5,NA,1.1,550,NA,2.9,1.4,2150,2700,13.8,16.7,2470,NA,15.4,11.1,2,430,"0","Vimba vimba"
2024-10-20,1,-350,-1.5,NA,0.199999999999999,350,NA,1.5,0.700000000000001,1760,2110,11.7,13.2,1890,NA,12.5,11.1,1,431,"0","Vimba vimba"
2024-10-27,1,-390,-1.1,NA,-1.6,390,NA,1.1,1.6,1290,1680,10.4,11.5,1477,NA,10.9,11,0,431,"0","Vimba vimba"
2025-03-23,8,181,9,0.9,-0.399999999999999,181,0.9,9.7,1.7,959,1140,6.6,16.3,1028,9.3,8.3,9.2,0,459,"0","Vimba vimba"
2025-03-30,22,-660,-48.8,1,1.1,660,1.1,48.8,1.9,1480,2140,19.7,68.5,1764,9.8,37.7,8.2,0,459,"0","Vimba vimba"
2025-06-01,1,210,-3.7,2.4,1.4,760,2.4,5.4,1.7,1510,2270,10.4,15.8,1844,17.2,13.1,15.5,0,462,"0","Vimba vimba"
2025-06-08,1,-400,-2.9,0.199999999999999,1.8,620,0.800000000000001,4.5,2.3,1330,1950,9.1,13.6,1598,17.4,10.9,15.2,0,462,"0","Vimba vimba"
2025-06-15,1,-130,-1.1,2.2,0.5,470,2.2,1.1,2.7,1140,1610,7.7,8.8,1348,19.4,8.3,16.8,0,462,"0","Vimba vimba"
2025-07-27,6,-780,-11.8,NA,0.4,1880,NA,11.8,1.3,2330,4210,13.1,24.9,3274,16.9,19.1,14.5,0,462,"0","Vimba vimba"
2025-08-03,1,150,-1,-0.100000000000001,-0.5,150,0.100000000000001,1,0.5,2650,2800,11.7,12.7,2725,16.6,12.2,14.8,0,462,"0","Vimba vimba"
2023-01-01,0,-40,-0.6,0.9,1.6,150,0.9,0.699999999999999,1.6,1280,1430,5.9,6.6,1360,6,6.1,7.8,0,78,"0","Vimba vimba"
2023-01-08,0,60,1.1,-0.0999999999999996,-0.0999999999999996,180,0.2,1.6,0.8,1270,1450,5.7,7.3,1347,6.6,6.7,7.4,0,78,"0","Vimba vimba"
2023-01-15,0,-40,-0.899999999999999,-1.4,-2,90,1.4,1.7,2,1250,1340,5.9,7.6,1292,5.8,6.7,6.3,0,78,"0","Vimba vimba"
2023-01-22,0,-30,-0.2,-0.8,-0.3,100,0.8,0.2,1.1,1100,1200,5.6,5.8,1151,4.5,5.7,5.3,3,81,"0","Vimba vimba"
2023-01-29,0,1620,28.8,0,0.2,1670,0.2,28.8,1.2,1000,2670,5.4,34.2,1354,3.8,13.1,4.9,0,81,"0","Vimba vimba"
2023-02-05,0,-1110,-12.1,-0.8,0.5,1110,0.9,12.1,0.8,1180,2290,7.9,20,1571,3.2,11.7,5,0,81,"0","Vimba vimba"
2023-02-12,0,240,17.1,1.1,2.2,270,1.1,17.1,2.3,1090,1360,8,25.1,1165,3.7,11.1,6.3,0,81,"0","Vimba vimba"
2023-02-26,0,-420,-5.2,-0.5,0.3,430,0.8,5.2,0.9,1290,1720,11.4,16.6,1420,6.3,13.3,6.9,0,81,"0","Vimba vimba"
2023-03-05,0,290,-1.3,0.100000000000001,0.3,300,0.8,1.3,1.9,1150,1450,9.6,10.9,1224,6.3,10.1,7.5,0,81,"0","Vimba vimba"
2023-03-12,0,40,-1,1,1.1,330,1,1.2,1.1,1340,1670,8.2,9.4,1508,6.6,8.9,7.6,1,82,"0","Vimba vimba"
2023-07-09,0,280,-0.2,1.2,0,500,1.2,1,1.2,1140,1640,6.8,7.8,1287,21,7.1,21.5,0,196,"0","Vimba vimba"
2023-07-16,0,120,-0.899999999999999,-0.399999999999999,-2.6,180,0.899999999999999,0.899999999999999,2.7,1180,1360,5.9,6.8,1254,22,6.4,21.4,2,198,"0","Vimba vimba"
2023-07-23,0,240,-0.2,-1.8,-0.199999999999999,630,2.2,0.7,2.9,1080,1710,5.7,6.4,1392,21.1,6.1,19.7,5,203,"0","Vimba vimba"
2023-09-24,0,-370,0.0999999999999996,-1,1.3,370,1,0.4,1.9,1020,1390,4.1,4.5,1164,17.6,4.3,17.7,1,269,"0","Vimba vimba"
2023-10-01,0,-53,-0.399999999999999,-1,-1.8,53,1,0.5,1.8,894,947,4.2,4.7,925,16.6,4.5,17,0,269,"0","Vimba vimba"
2023-10-08,0,37,-0.3,-0.0999999999999996,1.2,81,0.5,0.8,2.1,857,938,3.9,4.7,896,15.8,4.2,16.1,0,269,"0","Vimba vimba"
2023-10-15,0,72,-0.4,-1.9,-0.4,89,2.1,0.4,2.7,816,905,3.8,4.2,856,14.1,4,13.7,0,269,"0","Vimba vimba"
2023-10-29,0,1040,5,-1,-0.9,1133,1,5,1.1,957,2090,4.4,9.4,1327,12,6.2,12.6,7,281,"0","Vimba vimba"
2023-11-05,0,-470,-2.7,-1.6,-0.800000000000001,470,1.6,3.7,1.3,1180,1650,5.1,8.8,1381,10.1,7,11.8,18,299,"0","Vimba vimba"
2023-11-26,0,-90,-3.9,-2.4,-0.899999999999999,230,2.4,6.6,1.9,2180,2410,8.9,15.5,2311,6.3,11.6,7.7,1,300,"0","Vimba vimba"
2023-12-03,0,-340,-1.2,-1,0.6,360,1,1.4,2,1950,2310,10,11.4,2068,3.8,10.6,6.2,0,300,"0","Vimba vimba"
2023-12-10,0,1860,14.1,2.9,-0.0999999999999996,2800,2.9,21.3,1.5,2140,4940,12.8,34.1,3994,5,25.2,7.2,0,300,"0","Vimba vimba"
2023-12-17,0,1850,89.3,-0.800000000000001,-0.9,2730,0.800000000000001,96.7,1.2,2550,5280,13.3,110,3255,6,30.7,6.5,0,300,"0","Vimba vimba"
2023-12-31,0,110,-4.2,-0.5,-0.0999999999999996,410,0.6,4.3,0.9,2340,2750,18.7,23,2608,6.3,20.3,7,0,300,"0","Vimba vimba"
2024-01-07,0,-1050,-8.2,-2.8,-1.6,1050,2.8,8.2,3,2030,3080,14.4,22.6,2512,4.6,17.5,4.5,0,300,"0","Vimba vimba"
2024-01-14,0,330,0.9,-0.1,0.2,460,0.3,3.8,1.1,1740,2200,13,16.8,1895,2.7,14.2,4.7,0,300,"0","Vimba vimba"
2024-01-21,0,1430,5.1,1.8,2.5,1650,1.8,8.4,2.8,1760,3410,13.2,21.6,2417,3.4,17.1,5.7,0,300,"0","Vimba vimba"
2024-01-28,0,-1010,-3.7,0.100000000000001,0.800000000000001,1010,0.2,3.7,1.6,2140,3150,13,16.7,2442,4.8,14.3,6,0,300,"0","Vimba vimba"
2024-02-04,0,100,-1.4,1.7,0.800000000000001,180,1.7,4.3,1.1,1980,2160,13,17.3,2077,6.2,14.6,8,0,300,"0","Vimba vimba"
2024-02-11,0,-370,-1.6,0.4,0,410,0.4,1.8,0.9,1810,2220,10.9,12.7,2047,7.3,11.6,8.1,0,300,"0","Vimba vimba"
2024-02-18,0,350,1.5,0.4,-1.2,350,0.5,1.6,1.2,1950,2300,11.4,13,2075,7.9,11.8,8.4,0,300,"0","Vimba vimba"
2024-02-25,0,-590,-2,0,1.9,590,0.2,2,2,1770,2360,10.9,12.9,1992,7.8,11.8,8.3,0,300,"0","Vimba vimba"
2024-03-03,0,-100,-1,0,-0.700000000000001,140,0.2,1,1.2,1560,1700,9.5,10.5,1607,7.9,9.9,9,5,305,"0","Vimba vimba"
2024-07-28,0,20,-0.7,0.800000000000001,-0.800000000000001,250,1,0.7,1,1560,1810,6.3,7,1684,20.9,6.6,18,4,408,"0","Vimba vimba"
2024-08-04,0,-340,-1,0.199999999999999,1.3,340,0.199999999999999,1.2,1.8,1470,1810,5.8,7,1634,21.1,6.3,17.9,13,421,"0","Vimba vimba"
2024-08-11,0,60,0.5,1.4,0.5,210,1.4,0.5,0.699999999999999,1290,1500,5.6,6.1,1404,22.2,5.8,19.4,7,428,"0","Vimba vimba"
2024-08-18,0,50,-2.3,-2.4,-1,920,2.7,2.3,2.4,1530,2450,5.2,7.5,1930,21.6,6,17.9,0,428,"0","Vimba vimba"
2024-08-25,0,-170,0.100000000000001,0.0999999999999979,0,230,0.599999999999998,0.5,0.5,1340,1570,5,5.5,1458,20.4,5.2,18.7,0,428,"0","Vimba vimba"
2024-09-01,0,0,-0.5,0.0999999999999979,-2,70,0.399999999999999,0.5,2,1190,1260,4.5,5,1241,20.8,4.8,17.6,0,428,"0","Vimba vimba"
2024-11-03,0,-40,-0.899999999999999,NA,-1.7,70,NA,0.899999999999999,1.7,1240,1310,9.3,10.2,1277,NA,9.8,8.4,5,436,"0","Vimba vimba"
2024-11-10,0,-80,-0.699999999999999,NA,-0.3,80,NA,0.699999999999999,0.6,1110,1190,8.4,9.1,1161,NA,8.7,7.4,14,450,"0","Vimba vimba"
2024-11-17,0,250,0,NA,-1.1,300,NA,0.799999999999999,3,1070,1370,8.3,9.1,1217,NA,8.6,6.7,4,454,"0","Vimba vimba"
2024-11-24,0,190,3.8,NA,1,270,NA,3.9,1.1,1140,1410,8,11.9,1255,NA,8.8,6.5,5,459,"0","Vimba vimba"
2024-12-01,0,370,2.9,NA,0.2,510,NA,4,1.6,1200,1710,8.9,12.9,1367,5.9,9.8,6.1,0,459,"0","Vimba vimba"
2024-12-08,0,-310,-2.8,-0.5,-1.2,390,0.5,2.8,1.2,1470,1860,10.3,13.1,1668,5.6,11.5,6,0,459,"0","Vimba vimba"
2024-12-15,0,130,4.3,0.3,-0.100000000000001,210,0.5,5.6,1.9,1270,1480,10.4,16,1394,5.7,13.8,6.5,0,459,"0","Vimba vimba"
2024-12-22,0,-50,-3.7,-0.8,-2.2,500,0.8,3.7,2.2,1320,1820,9.7,13.4,1528,5.3,11.2,4.9,0,459,"0","Vimba vimba"
2024-12-29,0,-100,-0.9,-1,0.2,170,1,0.9,1.2,1130,1300,8.4,9.3,1208,3.9,8.9,3.8,0,459,"0","Vimba vimba"
2025-01-05,0,850,0.0999999999999996,0,-0.0999999999999996,850,0.2,0.6,2.1,1190,2040,8.4,9,1661,3.3,8.8,4.8,0,459,"0","Vimba vimba"
2025-01-12,0,-570,-0.699999999999999,0.1,1.8,570,0.4,0.699999999999999,2,1360,1930,7.5,8.2,1570,3.5,7.8,3.9,0,459,"0","Vimba vimba"
2025-01-19,0,-160,0.2,0.2,0.9,170,0.6,0.4,1.2,1120,1290,7.5,7.9,1240,3.1,7.7,4.4,0,459,"0","Vimba vimba"
2025-01-26,0,430,0.600000000000001,0.7,-0.0999999999999996,690,0.7,4.3,1.3,1100,1790,8.2,12.5,1402,4,9.8,5.3,0,459,"0","Vimba vimba"
2025-02-02,0,-180,-1.1,-0.3,-0.300000000000001,180,0.3,1.1,1.4,1230,1410,7.5,8.6,1317,4.5,7.9,4.4,0,459,"0","Vimba vimba"
2025-02-09,0,220,-0.3,0.2,0.3,290,0.300000000000001,0.3,1.3,1100,1390,7,7.3,1198,4.2,7.2,4.8,0,459,"0","Vimba vimba"
2025-02-16,0,-250,-0.4,-0.2,0.5,250,0.5,0.4,2,1070,1320,6.5,6.9,1175,4,6.7,3.6,0,459,"0","Vimba vimba"
2025-02-23,0,130,-0.0999999999999996,1.3,2.2,150,1.3,0.3,2.4,1030,1180,6.4,6.7,1108,4.8,6.6,6.2,0,459,"0","Vimba vimba"
2025-03-02,0,-60,-0.3,1.9,0.7,60,1.9,0.399999999999999,1.7,1020,1080,5.9,6.3,1045,6.8,6.1,6.6,0,459,"0","Vimba vimba"
2025-03-09,0,140,2.9,0.100000000000001,-1.3,226,0.399999999999999,2.9,2,924,1150,5.9,8.8,1009,8,6.6,7.9,0,459,"0","Vimba vimba"
2025-03-16,0,-163,-1.8,0.5,2.2,163,0.9,1.8,3.2,947,1110,7.4,9.2,999,7.9,7.9,6.5,0,459,"0","Vimba vimba"
2025-06-22,0,160,-0.0999999999999996,1.5,1.5,200,1.5,1.9,2,1050,1250,7.5,9.4,1111,21.3,7.9,18.4,0,462,"0","Vimba vimba"
2025-06-29,0,150,1.5,0.600000000000001,-1.8,190,0.900000000000002,5,2.3,1020,1210,6.7,11.7,1097,23,7.9,18.9,0,462,"0","Vimba vimba"
2025-07-06,0,560,3.4,-5,-4,1260,5,10.1,5.5,1070,2330,7.7,17.8,1661,20.9,12,15.5,0,462,"0","Vimba vimba"
2025-07-13,0,230,3.4,0.899999999999999,0.0999999999999996,850,1.1,4.2,3.2,1270,2120,9.8,14,1558,18.6,11.5,16.2,0,462,"0","Vimba vimba"
2025-07-20,0,420,2.8,NA,-1.3,430,NA,5.1,1.5,1480,1910,9.6,14.7,1644,NA,11.4,16.8,0,462,"0","Vimba vimba"
